County/Sub County,Farming,Maize,Sorghum,Rice,Potatoes,Beans,Cassava,Sweet Potatoes,Wheat,Green grams,Bananas,Cabbages,Tomatoes,Onions,Ground Nuts,Millet,Watermelons,Kales,Sugarcane,Cotton
KENYA,"6,354,211","5,104,967","904,945","50,484","1,170,170","3,600,840","1,050,352","1,134,102","67,720","571,426","2,139,421","490,588","410,224","707,182","480,812","540,353","84,077","1,916,898","654,468","22,920"
MOMBASA,"12,497","5,681",,,,,"2,849",,,,"2,232",,,,,,,,,
CHANGAMWE,618,108,,,,,39,,,,65,,,,,,,,,
JOMVU,"2,418",895,,,,,360,,,,332,,,,,,,,,
KISAUNI,"6,257","3,456",,,,,"1,702",,,,"1,137",,,,,,,,,
LIKONI,"1,863",863,,,,,578,,,,485,,,,,,,,,
MVITA,309,81,,,,,39,,,,54,,,,,,,,,
NYALI,"1,032",278,,,,,131,,,,159,,,,,,,,,
KWALE,"108,074","93,143","2,784","8,585","1,038","8,619","46,004","10,388",,"20,536","28,831",,"10,008","1,124","5,636","1,290","3,794","10,775","5,089",
KINANGO,"13,855","12,556",552,60,87,"1,567","4,580","1,841",,"3,132","1,841",,"1,219",163,667,132,429,"1,746",322,
LUNGALUNGA,"29,299","25,717",454,"5,499",340,"1,899","11,279","2,093",,"5,508","8,424",,"3,013",332,717,327,881,"3,375","1,143",
MATUGA,"24,689","21,369",342,"1,143",233,"2,233","15,401","2,846",,"2,180","10,026",,"2,787",214,680,168,577,"3,250","1,891",
MSAMBWENI,"14,959","10,731",202,"1,811",226,"1,073","8,583","1,623",,"2,064","5,864",,"1,951",233,309,155,568,"1,337","1,131",
SAMBURU,"25,272","22,770","1,234",72,152,"1,847","6,161","1,985",,"7,652","2,676",,"1,038",182,"3,263",508,"1,339","1,067",602,
KILIFI,"161,188","143,913","2,911","2,847",,"10,319","58,225","9,899",,"30,359","26,712",,"8,854",,"2,570","1,522","4,649","6,982","6,383",
CHONYI,"10,025","9,703",35,131,,"2,196","6,204",461,,"3,756","3,146",,276,,413,41,39,199,233,
GANZE,"20,578","18,418","1,273",81,,899,"7,781",905,,"5,055","2,651",,952,,161,487,"1,638",951,379,
KALOLENI,"22,504","20,458",199,"1,343",,"2,051","8,810","2,078",,"2,812","4,047",,"1,237",,162,109,685,"1,448",798,
KAUMA,"2,867","2,621",41,8,,177,748,141,,387,406,,157,,17,7,66,135,108,
KILIFI NORTH,"18,690","16,616",160,79,,593,"6,199",689,,"3,212","2,029",,"1,029",,430,138,296,643,628,
KILIFI SOUTH,"15,114","12,930",126,469,,"1,041","5,838",688,,"3,373","3,440",,870,,376,89,282,544,733,
MAGARINI,"25,989","24,193",614,245,,"1,326","5,027",722,,"5,405","1,730",,"1,240",,304,289,593,"1,072",771,
MALINDI,"31,072","26,224",388,184,,"1,031","10,146","1,598",,"5,038","4,684",,"2,502",,605,318,916,"1,429","1,635",
RABAI,"14,349","12,750",75,307,,"1,005","7,472","2,617",,"1,321","4,579",,591,,102,44,134,561,"1,098",
TANA RIVER,"35,094","13,141",472,"1,255",,"2,373","1,989",991,,"5,627","4,647",,"2,521",723,585,,"2,406","1,815","1,690",384
TANA DELTA,"15,128","6,997",344,766,,"1,612","1,463",518,,"3,320","1,882",,"1,196",235,428,,"1,541",682,"1,008",192
TANA NORTH,"9,397","2,162",92,202,,227,103,119,,525,690,,382,229,44,,468,268,184,161
TANA RIVER,"10,569","3,982",36,287,,534,423,354,,"1,782","2,075",,943,259,113,,397,865,498,31
LAMU,"18,678","13,698",818,,,546,"4,611",996,,"5,854","4,479",,"1,497",176,"2,651",585,"1,637","1,184","2,201","1,574"
LAMU EAST,"1,831","1,096",68,,,173,480,37,,248,156,,242,17,84,38,365,95,12,10
LAMU WEST,"16,847","12,602",750,,,373,"4,131",959,,"5,606","4,323",,"1,255",159,"2,567",547,"1,272","1,089","2,189","1,564"
TAITA/TAVETA,"56,920","44,378","3,651",488,"4,906","31,229","17,159","9,080",,"14,573","17,629","2,838","6,428","2,340","2,033","1,935","2,155","11,557","7,687",
MWATATE,"16,123","13,494",608,60,938,"11,112","5,335","2,624",,"3,501","4,363",657,"1,191",444,327,330,320,"2,903","1,458",
TAITA,"12,139","10,748",612,54,"3,333","9,332","5,686","3,883",,"1,226","6,047","1,325","1,201",758,186,395,351,"4,358","3,809",
TAVETA,"14,591","9,733","1,187",339,290,"7,659","2,476","1,270",,"3,170","5,472",488,"3,058",526,262,370,437,"2,661","1,635",
VOI,"14,067","10,403","1,244",35,345,"3,126","3,662","1,303",,"6,676","1,747",368,978,612,"1,258",840,"1,047","1,635",785,
GARISSA,"47,645","2,590",748,,696,"1,326",,,,,"1,902",,"1,808","1,132",,,"1,727",804,,
BALAMBALA,"1,786",250,82,,96,113,,,,,171,,193,180,,,198,88,,
DADAAB,"9,315",260,120,,46,161,,,,,70,,98,88,,,119,38,,
FAFI,"6,556",651,123,,134,315,,,,,630,,598,380,,,519,226,,
GARISSA,"3,335",451,31,,91,202,,,,,655,,560,229,,,526,188,,
HULUGHO,"13,731",724,280,,166,338,,,,,197,,177,129,,,205,120,,
IJARA,"8,136",244,108,,159,192,,,,,175,,179,124,,,157,143,,
LAGDERA,"4,786",10,4,,4,5,,,,,4,,3,2,,,3,1,,
WAJIR,"63,433","1,663",660,,,799,,,,,,,,,,,717,,,
BUNA,"3,425",42,46,,,17,,,,,,,,,,,12,,,
ELDAS,"6,975",395,185,,,151,,,,,,,,,,,93,,,
HABASWEIN,"19,731",345,122,,,192,,,,,,,,,,,173,,,
TARBAJ,"4,598",41,8,,,17,,,,,,,,,,,11,,,
WAJIR EAST,"3,113",88,39,,,42,,,,,,,,,,,84,,,
WAJIR NORTH,"5,288",419,168,,,246,,,,,,,,,,,34,,,
WAJIR SOUTH,"11,735",174,48,,,76,,,,,,,,,,,71,,,
WAJIR WEST,"8,568",159,44,,,58,,,,,,,,,,,239,,,
MANDERA,"62,639","13,594","5,735","-    1,129","7,331",,,,,"2,250","1,257","3,566","2,312",,"1,804","3,601","1,484",753,,
MANDERA WEST,"8,737","2,082","1,257",-    109,846,,,,,87,132,211,202,,506,302,268,50,,
BANISA,"14,983","5,040","2,480",-    561,"2,653",,,,,788,641,"1,082",671,,740,"1,103",562,285,,
KOTULO,"6,881",179,114,-    43,92,,,,,42,39,67,52,,24,35,25,19,,
LAFEY,"7,352",304,189,-    31,117,,,,,39,23,63,41,,31,54,34,18,,
MANDERA CENTRAL,"8,042",310,211,-111,187,,,,,104,105,137,112,,100,186,102,101,,
MANDERA EAST,"7,078","2,466",572,-    156,"1,623",,,,,706,176,"1,145",681,,200,"1,101",272,172,,
MANDERA NORTH,"9,566","3,213",912,-118,"1,813",,,,,484,141,861,553,,203,820,221,108,,
MARSABIT,"39,167","1,933",,,"1,619",,,72,,,,,,,,,405,,,
LOIYANGALANI,"4,891",54,,,51,,,,,,,,,,,,43,,,
MARSABIT CENTRAL,"4,727","1,447",,,"1,219",,,62,,,,,,,,,256,,,
MARSABIT NORTH,"6,193",98,,,90,,,1,,,,,,,,,4,,,
MARSABIT SOUTH,"8,620",13,,,11,,,,,,,,,,,,23,,,
MOYALE,"3,823",151,,,123,,,5,,,,,,,,,54,,,
NORTH HORR,"7,259",3,,,1,,,,,,,,,,,,2,,,
SOLOLO,"3,654",167,,,124,,,4,,,,,,,,,23,,,
ISIOLO,"24,271","1,983",,,"1,297",,351,,290,307,,"1,111","1,019",,,364,"1,086",,,
GARBATULLA,"9,264",655,,,206,,99,,138,119,,491,442,,,223,390,,,
ISIOLO,"8,600","1,119",,,"1,059",,239,,143,176,,520,494,,,87,619,,,
MERTI,"6,407",209,,,32,,13,,9,12,,100,83,,,54,77,,,
MERU,"274,865","217,403","34,277","-    68,292","181,410","40,774","34,320","6,290","23,981","118,020","22,818","13,710","19,650","6,202","15,218","2,499","53,941","27,532","2,428",
BUURI EAST,"18,061","14,811",555,"-    12,913","14,256","1,129","1,731","2,267",607,"2,189","2,572","1,268","1,667",89,147,240,"3,439",677,331,
BUURI WEST,"14,939","11,358",191,"-    11,231","8,916",535,"1,155","2,009",554,"1,656","2,568",918,"3,423",99,118,119,"4,760","1,440",80,
IGEMBE CENTRAL,"31,946","25,925","1,189","-    5,413","22,202","2,623","1,851",184,"1,982","7,755",220,667,426,137,887,253,"2,101","1,710",105,
IGEMBE NORTH,"22,743","18,822","1,432","-    7,915","16,600","2,270","1,589",260,580,"7,450",262,364,208,75,"1,397",115,"1,647","1,138",79,
IGEMBE SOUTH,"21,483","14,780","1,456","-    1,300","11,435","2,143","1,451",207,"2,368","9,459",349,577,812,192,"1,747",168,"3,804","2,634",131,
IMENTI NORTH,"27,839","21,729","3,310","-    4,663","19,255","5,509","4,719",354,"2,031","15,073","1,787","2,345","2,023","1,093","1,124",321,"6,282","2,981",101,
IMENTI SOUTH,"46,386","36,114","6,812","-    10,358","27,093","9,476","9,879",287,"4,711","31,511","8,020","3,795","6,672",389,"2,378",452,"16,319","8,708",225,
MERU CENTRAL,"31,894","26,113","9,618","-    7,965","20,800","6,304","5,575",264,"6,544","17,375","6,421","1,455","2,474","1,452","3,562",259,"9,345","4,317",159,
TIGANIA CENTRAL,"18,982","13,696","4,044",-    482,"10,065","2,630","1,752",166,"2,040","10,529",231,613,687,"1,438","2,783",174,"2,592","1,976",80,
TIGANIA EAST,"12,186","9,790","1,004","-    4,543","9,004","1,723","1,027",43,352,"3,542",136,511,408,30,87,94,"1,125",636,44,
TIGANIA WEST,"28,224","24,124","4,655","-    1,354","21,669","6,402","3,559",244,"2,206","11,439",234,"1,186",828,"1,199",977,302,"2,482","1,298","1,089",
MERU NATIONAL PARK,3,3,,,2,,,,,,1,,,,,,,,,
MT. KENYA FOREST,179,138,11,-    155,113,30,32,5,6,42,17,11,22,9,11,2,45,17,4,
THARAKA - NITHI,"85,767","53,730","31,848","-    6,312","41,827","18,303","10,425",,"29,144","31,892","2,102","3,745","5,674","1,012","27,262","1,158","13,507","10,232",616,
IGAMBANG'OMBE,"12,254","8,147","5,572",-182,"5,537","1,611",630,,"5,612","1,673",96,345,140,57,"5,004",141,888,462,134,
MAARA,"27,526","22,411","6,627","-    1,950","19,555","9,279","5,728",,"2,422","17,938","1,391","2,320","4,274",267,"1,616",321,"8,614","5,469",114,
MERU SOUTH,"19,251","15,832","1,883","-    4,090","14,528","6,907","3,628",,255,"11,559",518,805,"1,089",125,300,117,"3,219","4,003",52,
THARAKA NORTH,"11,402","2,660","8,316",-    44,959,170,113,,"9,190",261,40,111,65,360,"9,350",349,283,150,139,
THARAKA SOUTH,"15,330","4,678","9,450",-    45,"1,246",335,325,,"11,665",460,57,163,105,203,"10,992",230,501,148,177,
MT. KENYA FOREST,4,2,,-1,2,1,1,,,1,,1,1,,,,2,,,
EMBU,"130,990","109,171","22,883","-    31,032","89,278","27,641","20,905",,"30,437","55,970","8,247","8,734","8,517","1,215","12,819","1,884","27,825","17,631",,
EMBU EAST,"31,674","26,782",740,"-    13,434","23,223","9,993","6,218",,209,"21,651","2,601","2,578","3,137",202,282,277,"9,108","7,359",,
EMBU NORTH,"18,854","14,688",169,"-    6,378","11,822","4,179","5,096",,139,"13,757","4,260","2,289","3,214",107,80,127,"9,773","4,749",,
EMBU WEST,"21,166","16,926",443,"-    9,283","14,872","4,414","3,725",,317,"12,529",943,"1,359","1,292",242,205,285,"4,773","3,370",,
MBEERESOUTH,"35,511","31,493","12,570",-    698,"24,850","5,218","3,945",,"20,013","3,659",274,"1,664",486,451,"4,855",724,"2,431","1,064",,
MBEERE NORTH,"23,785","19,282","8,961","-    1,239","14,511","3,837","1,921",,"9,759","4,374",169,844,388,213,"7,397",471,"1,740","1,089",,
MT. KENYA FOREST,,,,,,,,,,,,,,,,,,,,
KITUI,"215,322","178,635","98,030",,"105,815","35,623","15,210",,"133,390","16,923","1,330","8,600","5,648",,"60,988","17,724","19,725","3,959","2,711",
IKUTHA,"14,236","11,519","7,331",,"2,705","1,269",674,,"10,007",354,82,451,274,,"4,464","1,767","1,265",135,99,
KATULANI,"10,717","10,218","1,976",,"8,454","2,224","1,336",,"5,744",845,55,514,299,,252,271,937,144,29,
KISASI,"9,797","9,452","4,226",,"5,605","2,311","1,294",,"6,861",634,78,547,360,,556,448,902,120,74,
KITUI CENTRAL,"17,146","15,951","3,334",,"13,599","5,857","2,060",,"4,553","3,958",171,963,610,,730,412,"2,191","1,063",105,
KITUI WEST,"15,208","14,528","4,148",,"13,917","3,739","1,410",,"7,066","2,355",89,434,379,,430,242,"1,062",315,35,
KYUSO,"14,021","8,649","10,300",,"2,600","1,076",224,,"10,710",319,60,403,293,,"8,956","2,412",836,167,650,
LOWER YATTA,"12,281","11,247","3,502",,"8,902","1,185","1,233",,"8,227",888,100,681,525,,691,570,"1,524",178,87,
MATINYANI,"10,531","10,104","2,111",,"9,620","2,966","1,327",,"4,150","1,623",81,499,335,,161,157,"1,618",260,25,
MIGWANI,"17,012","16,066","4,482",,"14,899","4,481","1,640",,"9,685","2,235",84,631,412,,882,510,"1,245",413,69,
MUMONI,"5,646","3,538","4,499",,"1,549",630,154,,"4,536",110,19,113,68,,"4,403",620,345,38,146,
MUTITU,"9,766","7,928","5,245",,482,856,438,,"6,909",403,72,439,338,,"4,657","1,193",911,146,51,
MUTITU NORTH,"4,303","3,889","2,244",,846,323,108,,"3,265",163,23,149,114,,"1,648",475,469,42,21,
MUTOMO,"19,832","18,067","11,975",,"3,898","2,664","1,192",,"15,363",581,99,627,482,,"7,983","1,967","1,618",186,103,
MWINGI CENTRAL,"19,371","16,328","10,483",,"10,494","2,220",839,,"12,640",812,114,918,423,,"6,105","1,339","1,872",324,86,
MWINGI EAST,"15,945","10,679","10,592",,"1,984",606,116,,"11,385",180,45,257,151,,"9,718","2,389","1,023",84,74,
NZAMBANI,"9,189","8,618","3,224",,"6,075","2,743","1,113",,"3,606","1,308",102,738,465,,756,434,"1,397",226,161,
THAGICU,"2,968",311,"2,127",,43,21,7,,"2,394",62,16,38,13,,"2,364",219,48,29,175,
TSEIKURU,"7,353","1,543","6,231",,143,452,45,,"6,289",93,40,198,107,,"6,232","2,299",462,89,721,
MACHAKOS,"231,341","211,089","22,077","-    12,704","194,467","60,602","37,625",,"55,800","60,821","5,394","16,758","9,110",,"4,514","4,679","40,521","9,053",,
ATHI RIVER,"13,071","8,395",628,-801,"7,655","1,607","1,622",,"1,175","1,964",741,"1,747","1,466",,274,509,"3,530",755,,
KALAMA,"11,334","10,522",764,-    457,"9,915","3,801","1,891",,"1,015","2,476",146,501,387,,293,235,"1,188",213,,
KANGUNDO,"23,045","22,225",841,-680,"21,492","12,572","7,126",,"1,198","12,735",400,"2,108","1,225",,204,307,"5,628","1,212",,
KATHIANI,"24,578","22,949",587,"-    4,271","21,996","8,863","4,515",,"1,385","11,005","1,432","2,360",580,,168,196,"6,408","2,216",,
MACHAKOS,"26,753","24,221",654,"-    4,625","23,140","8,216","4,745",,"1,663","8,841","1,002","2,399","1,467",,207,387,"6,237","1,466",,
MASINGA,"30,328","27,568","6,838",-    516,"22,682","4,641","3,705",,"15,211","3,725",249,"1,289",517,,"1,295",900,"3,138",593,,
MATUNGULU,"29,763","26,874","1,154",-822,"25,219","9,598","5,002",,"2,807","8,993",621,"2,519","1,678",,230,481,"5,040","1,124",,
MWALA,"39,928","38,432","5,503",-    245,"35,847","7,415","5,567",,"16,227","7,045",396,"1,804",872,,"1,025",843,"4,492",484,,
YATTA,"32,541","29,903","5,108",-    287,"26,521","3,889","3,452",,"15,119","4,037",407,"2,031",918,,818,821,"4,860",990,,
MAKUENI,"193,531","176,503","34,867","-    12,328","137,972","45,628","29,899",,"69,800","49,487","6,382","12,906","6,773",,"6,607","5,887","33,585","12,286","1,564",
KATHONZWENI,"15,666","13,792","5,465",-    50,"7,183","1,179",982,,"11,177",781,106,646,293,,989,537,"1,605",175,220,
KIBWEZI,"33,820","27,902","9,449",-    132,"10,918","3,984","1,560",,"21,402","1,184",236,"1,291",396,,"1,582","1,597","3,302",445,367,
KILUNGU,"12,881","12,264",328,"-    3,882","11,953","6,415","2,679",,397,"8,065","1,342","1,141",706,,81,114,"3,520","2,831",62,
MAKINDU,"14,334","11,577","2,694",-    70,"6,083","1,205","1,189",,"8,944",476,123,694,203,,468,503,"1,434",152,70,
MAKUENI,"26,021","24,706","4,234",-    750,"22,675","7,769","5,789",,"6,568","9,637",755,"2,016","1,126",,566,912,"5,365","1,871",214,
MBOONI EAST,"21,461","20,622","5,991",-    193,"18,669","4,005","3,983",,"8,710","6,192",332,"1,164",713,,"1,174",624,"3,330",933,194,
MBOONI WEST,"22,069","21,181","1,445","-    4,472","20,651","9,076","5,390",,"1,370","11,744","1,731","2,416","1,656",,417,376,"6,850","2,943",118,
MUKAA,"22,133","20,838","1,866","-    2,397","19,847","6,186","4,042",,"2,658","5,720",786,"1,217",847,,454,420,"2,893","1,187",46,
NZAUI,"25,146","23,621","3,395",-    382,"19,993","5,809","4,285",,"8,574","5,688",971,"2,321",833,,876,804,"5,286","1,749",273,
NYANDARUA,"140,854","114,595","1,793","-    119,679","59,481","1,038","3,788","2,719","4,241","3,956","64,651","3,099","43,964",,,,"74,358","3,636",,
KINANGOP,"23,636","13,568",35,"-20,282","3,784",40,84,85,971,83,"15,861",118,"4,652",,,,"12,808",80,,
NYANDARUA SOUTH,"20,400","15,798",66,"-    18,318","5,585",35,97,447,379,64,"13,047",133,"8,531",,,,"13,258",90,,
MIRANGINE,"14,488","12,400",62,"-    13,109","4,788",53,88,47,396,295,"6,571",223,"5,355",,,,"8,003",64,,
KIPIPIRI,"21,702","17,870",108,"-    18,566","10,808",63,490,642,533,525,"10,197",458,"7,854",,,,"11,311",423,,
NYANDARUA CENTRAL,"16,111","14,729",203,"-    13,376","9,967",59,328,228,429,550,"6,477",591,"5,325",,,,"8,579",334,,
NYANDARUA WEST,"21,047","18,616",129,"-    16,949","9,871",55,450,534,925,720,"6,391",374,"5,685",,,,"9,870",868,,
NYANDARUA NORTH,"23,468","21,613","1,190","-    19,077","14,678",733,"2,251",736,608,"1,719","6,106","1,201","6,562",,,,"10,529","1,777",,
ABERDARE NATIONAL PA,2,1,,-2,,,,,,,1,1,,,,,,,,
NYERI,"164,229","138,426","3,354",,"108,919","125,889","13,597","34,618","2,536","2,311","81,891","45,430","12,864","27,917",,,"71,714","23,622",,
TETU,"20,387","18,703",177,,"16,979","17,212","1,576","6,022",98,258,"14,230","6,799","1,781","3,421",,,"12,240","3,769",,
KIENI EAST,"23,138","17,784",813,,"19,154","17,620",477,"2,658",570,647,"2,222","7,932","1,876","3,518",,,"7,667","2,154",,
KIENI WEST,"21,942","18,569","1,296",,"18,163","16,912",532,"2,522","1,342",379,"1,987","5,527","1,673","7,839",,,"7,190","1,596",,
MATHIRA EAST,"20,473","15,719",123,,"9,506","13,036","1,696","3,659",74,275,"12,612","7,727","1,431","2,717",,,"9,847","4,137",,
MATHIRA WEST,"15,919","14,301",151,,"13,009","13,485","2,048","3,869",72,133,"10,735","3,105","1,204","1,492",,,"5,531","2,539",,
NYERI SOUTH,"21,243","17,672",137,,"13,064","15,126","1,099","5,291",92,343,"13,483","9,351","1,887","4,813",,,"13,022","2,820",,
MUKURWE-INI,"22,973","20,938",484,,"5,816","19,153","4,756","6,743",116,104,"17,368","1,636","1,437","1,900",,,"9,201","4,313",,
NYERI CENTRAL,"18,108","14,736",172,,"13,184","13,326","1,413","3,853",171,172,"9,254","3,345","1,574","2,216",,,"7,009","2,294",,
MT. KENYA FOREST,44,3,1,,42,18,,,,,,7,,,,,6,,,
ABERDARE FOREST,2,1,,,2,1,,1,1,,,1,1,1,,,1,,,
KIRINYAGA,"139,866","100,197","8,880","21,557","22,133","83,440","20,215","25,556",,"4,285","73,990","18,370","15,866","10,460","-    2,643","2,049","40,338","19,104",,
KIRINYAGA CENTRAL,"27,890","20,599",936,"1,399","4,489","16,778","2,785","4,705",,166,"17,432","6,341","3,281","3,631",-    320,141,"10,337","3,704",,
KIRINYAGA EAST,"36,150","26,017",887,"1,139","9,543","22,155","8,136","7,676",,277,"26,011","7,674","3,589","3,515",-    264,498,"14,083","7,848",,
KIRINYAGA WEST,"27,280","22,028","1,436","1,193","2,302","19,144","4,494","7,243",,299,"17,617","2,966","1,803","2,284",-    319,304,"7,961","4,392",,
MWEA EAST,"25,729","17,855","2,136","7,991","5,477","14,361","2,989","3,226",,"1,530","7,892",957,"3,014",670,-    498,807,"4,659","2,096",,
MWEA WEST,"22,809","13,695","3,485","9,835",322,"10,999","1,811","2,705",,"2,013","5,037",430,"4,177",360,"-    1,242",299,"3,296","1,064",,
MT. KENYA FOREST,8,3,,,,3,,1,,,1,2,2,,,,2,,,
MURANG'A,"231,400","202,745","6,021",,"91,878","177,211","49,778","60,504",,"3,208","144,925","35,857","13,611","26,806",,,"86,317","21,753",,
MURANG'A EAST,"21,474","19,674","1,209",,"4,080","18,506","6,365","5,912",,288,"12,802",508,840,"1,172",,,"3,511","2,443",,
KANGEMA,"20,585","18,294",162,,"8,612","14,126","3,079","6,542",,439,"13,971","7,310",989,"5,146",,,"12,736","2,770",,
MATHIOYA,"23,395","20,339",144,,"10,072","16,968","3,485","6,725",,400,"15,506","4,847","1,293","3,811",,,"11,983","1,862",,
KAHURO,"23,127","20,102",186,,"6,643","17,593","5,203","7,455",,123,"17,333","3,864","1,336","2,921",,,"10,963","2,047",,
MURANG'A SOUTH,"37,654","34,203","2,011",,"12,936","31,932","12,222","9,470",,681,"20,062",941,"2,800","1,545",,,"7,831","3,037",,
GATANGA,"35,429","29,265","1,388",,"15,923","26,024","5,932","6,959",,734,"20,722","6,333","2,421","4,153",,,"12,711","2,902",,
KIGUMO,"31,110","26,237",345,,"10,591","20,959","4,411","5,784",,364,"16,971","7,138","1,355","4,143",,,"12,360","1,483",,
KANDARA,"38,624","34,630",576,,"23,019","31,103","9,081","11,657",,179,"27,558","4,914","2,577","3,914",,,"14,221","5,209",,
ABERDARE FOREST,2,1,,,2,,,,,,,2,,1,,,1,,,
KIAMBU,"214,052","144,125",,,"108,457","120,887","9,816","18,416",,,"74,810","41,121","17,996","28,684",,,"103,524","19,981",,
GATUNDU NORTH,"21,532","14,604",,,"9,382","11,788","1,170","3,276",,,"12,602","3,163","1,568","2,023",,,"7,309","2,228",,
GATUNDU SOUTH,"25,074","20,819",,,"17,143","18,372","2,420","4,625",,,"17,800","4,400","1,837","3,373",,,"11,440","4,949",,
GITHUNGURI,"29,745","23,166",,,"16,428","18,081","1,484","2,396",,,"16,563","7,734","3,565","4,711",,,"16,009","3,922",,
JUJA,"15,859","7,436",,,"2,362","6,226","1,062","1,416",,,"2,618","1,021","1,514","1,316",,,"3,870","1,046",,
KABETE,"15,713","8,812",,,"5,859","7,216",231,501,,,"2,999","1,917",811,"1,657",,,"8,232",808,,
KIAMBAA,"13,339","8,788",,,"5,605","7,620",461,973,,,"4,482","1,404","1,091","1,331",,,"6,127","1,208",,
KIAMBU,"10,505","6,657",,,"3,172","5,238",570,737,,,"4,229",835,909,955,,,"3,833","1,477",,
KIKUYU,"17,693","13,449",,,"12,438","12,733",338,782,,,"3,174","2,178","1,259","2,421",,,"8,210","1,054",,
LARI,"25,602","16,282",,,"19,240","12,158",305,"1,089",,,"4,896","12,078","1,578","4,917",,,"20,622",780,,
LIMURU,"19,202","14,312",,,"14,217","13,413",179,540,,,"1,617","4,908","1,344","3,755",,,"11,999",567,,
RUIRU,"8,590","3,554",,,970,"2,756",478,689,,,"1,423",681,939,885,,,"2,367",807,,
THIKA EAST,"4,700","3,304",,,752,"3,024",620,634,,,"1,111",305,651,563,,,"1,472",458,,
THIKA WEST,"6,498","2,942",,,889,"2,262",498,758,,,"1,296",497,930,777,,,"2,034",677,,
TURKANA,"61,209","9,751","10,225",,,,,,"1,991",,,,,,,"2,917","1,827",,,
KIBISH,"3,955",85,24,,,,,,7,,,,,,,61,46,,,
LOIMA,"9,743","1,732","2,167",,,,,,414,,,,,,,323,201,,,
TURKANA CENTRAL,"11,229","1,392","2,122",,,,,,404,,,,,,,834,198,,,
TURKANA EAST,"9,618","2,695","1,922",,,,,,331,,,,,,,460,272,,,
TURKANA NORTH,"6,956",53,25,,,,,,8,,,,,,,62,62,,,
TURKANA SOUTH,"10,257","2,824","1,518",,,,,,607,,,,,,,785,780,,,
TURKANA WEST,"9,451",970,"2,447",,,,,,220,,,,,,,392,268,,,
WEST POKOT,"89,828","75,323","18,754","-    11,316","43,812","2,126","2,942",,"2,193","14,413","8,146","4,808","10,145","1,140","11,759","1,035","18,662","4,006",,
KIPKOMO,"14,921","13,733","4,632",-686,"10,477",539,818,,297,"3,029",660,"1,054","2,115",188,"2,829",106,"3,501",558,,
POKOT CENTRAL,"17,573","13,864","2,097",-    644,"7,281",909,613,,838,"4,137",656,"1,168","1,691",372,"3,822",226,"2,533","1,659",,
POKOT NORTH,"20,563","17,561","7,692",-    285,"8,915",117,261,,488,622,242,432,462,278,"1,607",486,"1,313",370,,
POKOT SOUTH,"12,241","8,398",481,"-    7,886","4,585",181,413,,87,"1,998","4,883","1,146","4,836",63,934,80,"5,930",743,,
WEST POKOT,"24,530","21,767","3,852","-    1,815","12,554",380,837,,483,"4,627","1,705","1,008","1,041",239,"2,567",137,"5,385",676,,
SAMBURU,"43,149","12,817",,"-    3,168","10,667",,346,93,465,721,"1,593","2,202","2,458",,51,,"4,487",,,
SAMBURU CENTRAL,"22,176","12,561",,"-    3,134","10,408",,321,89,425,656,"1,556","2,092","2,359",,49,,"4,291",,,
SAMBURU EAST,"11,460",59,,-    17,53,,7,2,3,8,13,18,15,,2,,33,,,
SAMBURU NORTH,"9,513",197,,-    17,206,,18,2,37,57,24,92,84,,,,163,,,
TRANS NZOIA,"140,249","125,391","9,454","-    15,289","88,786","10,655","22,537","1,663","1,251","55,116","8,379","9,486","7,414","2,205","12,266",,"43,464","7,816",,
TRANS NZOIA WEST,"23,540","20,733","1,886","-    4,606","16,029","1,823","3,479",268,211,"9,683","1,823","2,871","1,338",337,"2,178",,"7,093",865,,
TRANS NZOIA EAST,"36,921","34,049","1,992","-    3,387","22,193","1,392","4,123",360,240,"12,863","2,349","1,380","2,243",194,"3,921",,"12,007","1,684",,
KWANZA,"28,502","25,420","1,951","-1,826","17,713","2,149","4,626",344,274,"9,958","1,377","1,374","1,018",303,"2,610",,"7,917","1,047",,
ENDEBESS,"16,775","14,936","1,591","-2,818","11,555",831,"1,698",196,145,"4,196","1,055","2,130",979,99,"1,547",,"3,922",310,,
KIMININI,"34,511","30,253","2,034","-    2,652","21,296","4,460","8,611",495,381,"18,416","1,775","1,731","1,836","1,272","2,010",,"12,525","3,910",,
UASIN GISHU,"141,547","126,577","8,982","-    23,950","67,257","2,675","10,382","8,148",,"21,501","12,737","9,092","16,729",,"15,684",,"46,064","4,704",,
AINABKOI,"17,845","15,828",743,"-    6,235","8,536",125,900,"1,254",,"1,494","2,495","1,137","3,143",,"1,908",,"6,450",266,,
KAPSERET,"16,891","13,839",741,"-    1,983","6,530",324,"1,237",378,,"3,103","1,331","1,218","2,048",,642,,"6,079",690,,
KESSES,"24,309","22,229","1,332","-    8,846","12,119",184,"1,411",754,,"3,275","3,946","1,350","5,395",,"1,283",,"9,885",523,,
MOIBEN,"22,915","20,805","2,128","-    3,635","12,677",234,"1,456","3,673",,"2,461","2,085","1,866","2,205",,"6,591",,"6,999",515,,
SOY,"33,352","30,817","2,259","-    1,764","15,491",689,"2,845","1,658",,"5,141","1,744","2,003","1,870",,"3,382",,"8,758",646,,
TURBO,"26,235","23,059","1,779","-    1,487","11,904","1,119","2,533",431,,"6,027","1,136","1,518","2,068",,"1,878",,"7,893","2,064",,
ELGEYO/MARAKWET,"74,881","62,633","9,624","-    27,205","39,126","2,276","4,123","1,369","1,744","12,325","10,555","4,105","13,775","1,772","20,353",548,"22,876","2,021",,
KEIYO NORTH,"15,190","13,527","1,612","-    3,018","9,650",199,791,648,223,"2,011","1,223",934,"1,346",83,"4,971",87,"3,671",253,,
KEIYO SOUTH,"21,518","18,562","2,052","-    8,789","11,723",682,"1,443",285,484,"3,660","4,234","1,045","5,207","1,061","4,870",123,"7,646",305,,
MARAKWET EAST,"15,779","11,779","3,887","-    4,840","6,388","1,186",935,194,835,"2,875","1,498","1,160","2,231",535,"5,590",225,"3,840",705,,
MARAKWET WEST,"22,394","18,765","2,073","-    10,558","11,365",209,954,242,202,"3,779","3,600",966,"4,991",93,"4,922",113,"7,719",758,,
NANDI,"148,887","134,408","14,875","-    18,045","79,216","17,146","25,641","1,766",,"68,158","14,764","10,084","32,316","1,343","12,788",,"58,494","22,885",,
CHESUMEI,"26,835","23,735","1,785","-    3,790","11,413","1,437","3,521",261,,"11,721","2,941","1,297","4,512",149,"1,722",,"11,747","3,105",,
NANDI CENTRAL,"23,951","20,895","1,667","-    3,236","11,961","2,319","3,917",217,,"11,458","2,304","1,233","4,997",186,"1,517",,"10,053","3,223",,
NANDI EAST,"16,777","14,873","1,330","-    3,121","9,441",823,"1,860",293,,"6,017","2,296","1,482","4,761",86,"1,030",,"7,044",967,,
NANDI NORTH,"30,073","28,171","3,704","-    3,452","15,124","1,645","3,919",319,,"11,251","3,198","1,697","5,265",268,"3,461",,"9,326","4,739",,
NANDI SOUTH,"31,054","27,508","2,250","-    3,165","18,653","8,551","9,671",249,,"18,816","2,843","1,958","8,390",492,"1,965",,"12,941","4,965",,
TINDERET,"20,197","19,226","4,139","-1,281","12,624","2,371","2,753",427,,"8,895","1,182","2,417","4,391",162,"3,093",,"7,383","5,886",,
BARINGO,"100,465","80,000","13,594","-    12,438","49,579","5,655","7,571","1,310","3,802","18,052","5,585","5,204","11,101","4,242","27,128","1,742","23,812","3,070",,
BARINGO CENTRAL,"15,137","13,463","2,739",-    877,"10,087","1,815","2,185",316,376,"6,131",441,"1,036","1,401","1,609","5,873",120,"4,799",940,,
BARINGO NORTH,"18,409","15,300","3,927","-    1,052","10,260","1,940","1,974",177,"1,161","5,250",433,999,"1,432",808,"10,639",190,"4,096",705,,
EAST POKOT,"9,565","3,931","1,798",-    95,"1,330",77,69,126,363,101,84,185,73,53,"1,114",140,381,80,,
KOIBATEK,"21,544","19,234","1,545","-    9,351","12,917",803,"1,567",275,416,"3,617","4,069","1,192","6,054",264,"3,616",104,"9,339",707,,
MARIGAT,"13,596","11,044","1,391",-    574,"5,507",434,614,151,773,"1,310",188,935,"1,035",299,"2,522",948,"2,355",428,,
MOGOTIO,"13,607","11,524","1,918",-    199,"7,043",537,971,210,397,"1,552",209,503,784,"1,185","3,195",109,"2,118",186,,
TIATY EAST,"8,607","5,504",276,-    290,"2,435",49,191,55,316,91,161,354,322,24,169,131,724,24,,
LAIKIPIA,"90,729","70,534","5,306","-    38,543","53,967","2,671","8,722","3,936","1,781","7,092","7,873","6,415","10,333",,"1,516",740,"17,753","4,706",,
LAIKIPIA CENTRAL,"18,787","14,816","2,719","-    13,179","13,626",505,"2,966",411,506,"1,332","2,518","1,711","4,090",,477,257,"5,196","1,516",,
LAIKIPIA EAST,"13,192","8,911",208,"-    7,815","7,554",305,"1,369",342,421,"1,144","1,017",794,"1,395",,92,79,"2,797",978,,
LAIKIPIA NORTH,"5,898",406,20,-168,399,21,37,13,15,27,35,57,65,,11,13,111,18,,
LAIKIPIA WEST,"24,338","20,245","1,458","-    5,245","14,932",746,"1,921",930,270,"1,121","1,357","1,649","1,665",,378,219,"2,610",647,,
NYAHURURU,"28,514","26,156",901,"-    12,136","17,456","1,094","2,429","2,240",569,"3,468","2,946","2,204","3,118",,558,172,"7,039","1,547",,
NAKURU,"283,652","243,535","9,613","-    140,998","168,112","6,953","16,130","6,021","7,919","32,257","41,413","14,871","65,022",,"13,563",,"114,162","11,097",,
GILGIL,"27,273","23,695",982,"-    15,359","21,481","1,034","2,431",329,815,"3,010","3,034","1,920","6,023",,842,,"9,169","1,790",,
KURESOI NORTH,"33,190","30,713",455,"-    23,145","10,963",80,349,"1,679","1,224","1,441","7,513","1,006","10,380",,"1,608",,"16,861",269,,
KURESOI SOUTH,"28,030","25,349",383,"-    13,872","7,165",82,338,869,820,"2,556","7,452",709,"8,082",,"2,006",,"15,071",511,,
MOLO,"26,641","23,531",556,"-    17,167","13,884",231,514,230,985,"1,826","5,370",789,"7,030",,995,,"11,244",429,,
NAIVASHA,"33,061","23,332",321,"-    17,061","20,884",353,"1,555",283,745,"1,548","4,381","1,850","9,444",,213,,"12,924",978,,
NAKURU EAST,"8,876","5,637",157,"-    2,520","4,448",167,411,171,210,653,739,690,"1,023",,102,,"2,640",277,,
NAKURU NORTH,"28,990","24,972",751,"-    17,040","21,763","1,544","3,217",334,899,"7,952","3,718","2,132","5,821",,396,,"14,113","2,954",,
NAKURU WEST,"8,752","6,573",434,"-    1,347","5,256",148,420,217,125,705,582,632,845,,625,,"2,728",234,,
NJORO,"41,771","36,788","1,019","-    22,196","26,751",414,"1,584","1,252","1,127","2,941","5,230","1,592","9,109",,"2,371",,"13,922","1,016",,
RONGAI,"29,568","26,386","3,207","-    4,022","21,725","1,250","2,671",445,427,"4,627","1,533","2,292","3,777",,"3,271",,"9,197","1,043",,
SUBUKIA,"17,500","16,559","1,348","-    7,269","13,792","1,650","2,640",212,542,"4,998","1,861","1,259","3,488",,"1,134",,"6,293","1,596",,
NAROK,"181,706","136,075","23,325","-    53,966","94,779","2,634","28,542","13,437","4,439","27,875","26,070","17,566","50,324","1,268","14,622","1,302","59,672","18,862",,
NAROK EAST,"19,206","15,197",74,"-    7,917","12,116",99,526,"2,182",803,539,"3,301","1,201","5,393",137,70,145,"4,560",203,,
NAROK NORTH,"35,447","26,210",199,"-    22,506","12,744",179,630,"6,556","1,382",657,"10,032","1,422","14,448",200,201,201,"14,384",332,,
NAROK SOUTH,"40,248","32,036","4,402","-    13,943","26,647",463,"4,407","2,261","1,393","7,903","6,729","5,766","10,892",263,"4,443",254,"12,348","3,921",,
NAROK WEST,"30,259","15,531","5,878","-    2,459","11,761",333,"5,420","1,081",473,"3,484","1,279","2,508","5,786",84,"2,119",112,"5,942","2,369",,
TRANS MARA EAST,"18,907","17,307","8,272","-    3,610","13,083",563,"12,830",487,142,"6,715","1,991","2,976","5,293",121,"2,985",109,"9,404","4,507",,
TRANS MARA WEST,"37,639","29,794","4,500","-    3,531","18,428",997,"4,729",870,246,"8,577","2,738","3,693","8,512",463,"4,804",481,"13,034","7,530",,
MAU FOREST,,,,,,,,,,,,,,,,,,,,
KAJIADO,"97,565","37,686",,"-    12,536","33,885","2,902","4,184",,"1,693","7,029","3,710","10,415","5,801",,,"2,198","12,860","2,270",,
ISINYA,"6,584","2,523",,-    404,"2,174",157,301,,101,537,464,890,896,,,276,"1,490",191,,
KAJIADO CENTRAL,"19,641","4,546",,-    564,"4,191",145,352,,148,490,387,841,632,,,398,"1,007",194,,
KAJIADO NORTH,"10,726","5,704",,"-    2,759","4,811",563,729,,178,"1,730",737,"1,310","1,489",,,135,"4,024",597,,
KAJIADO WEST,"23,089","5,497",,"-    2,496","5,010",478,859,,459,"1,267",504,"1,217","1,310",,,236,"2,334",622,,
LOITOKITOK,"29,501","16,618",,"-6,162","15,089","1,384","1,662",,497,"2,795","1,438","5,672","1,326",,,856,"3,581",615,,
MASHUURU,"8,024","2,798",,-    151,"2,610",175,281,,310,210,180,485,148,,,297,424,51,,
KERICHO,"150,845","132,308","40,485","-    19,794","92,081","6,234","18,375","4,622","1,683","70,784","14,922","13,602","35,701",,"39,536",,"81,493","23,253",,
BELGUT,"23,573","18,946","5,731","-    2,032","11,861",740,"2,250",494,177,"13,457","2,283","1,643","6,748",,"6,385",,"14,310","3,176",,
BURETI,"33,285","26,776","8,122","-    4,325","17,444",937,"5,628",570,452,"19,812","4,134","2,032","7,771",,"7,740",,"21,269","7,819",,
KERICHO EAST,"23,273","19,606","4,168","-    2,526","12,640","1,189","2,314",474,194,"11,849","1,748","2,222","5,487",,"7,070",,"12,130","2,918",,
KIPKELION,"22,836","22,245","8,802","-    2,981","19,284","1,062","2,285","1,518",226,"10,319","2,057","2,553","3,923",,"6,413",,"11,500","1,887",,
LONDIANI,"25,049","23,742","4,408","-    6,670","17,196",168,823,998,419,"3,764","4,075","1,939","5,420",,"3,408",,"11,276",739,,
SOIN SIGOWET,"22,829","20,993","9,254","-1,260","13,656","2,138","5,075",568,215,"11,583",625,"3,213","6,352",,"8,520",,"11,008","6,714",,
BOMET,"152,564","122,998","41,522",,"37,261","106,434","3,939","54,045",,"2,331","78,319","26,613","21,900","47,758",943,"28,681",940,"93,744","40,551",
BOMET EAST,"26,472","22,805","6,498",,"6,545","20,446",629,"10,368",,453,"12,031","4,747","4,123","11,017",199,"4,019",154,"13,802","4,385",
CHEPALUNGU,"31,910","28,697","14,169",,"6,660","25,691","1,036","20,833",,288,"12,660","3,972","5,955","10,168",228,"2,700",334,"20,038","10,184",
KONOIN,"23,845","14,084","3,169",,"3,853","9,161",400,"2,978",,270,"13,084","3,468","1,934","6,315",91,"2,842",86,"14,680","7,131",
SOTIK,"40,497","34,994","10,748",,"10,699","30,378","1,329","13,267",,768,"23,512","7,467","5,120","9,941",238,"11,923",208,"26,060","12,167",
BOMET CENTRAL,"29,840","22,418","6,938",,"9,504","20,758",545,"6,599",,552,"17,032","6,959","4,768","10,317",187,"7,197",158,"19,164","6,684",
KAKAMEGA,"335,269","312,670","24,160",,"26,204","250,047","103,223","146,673",,"9,539","194,940","9,064","16,914","26,940","100,958","16,384","2,208","141,501","92,380",
BUTERE,"29,189","27,134","2,198",,"1,685","22,659","9,775","12,178",,856,"15,582",556,772,"1,890","10,687",959,171,"11,618","3,473",
KAKAMEGA CENTRAL,"25,461","22,353","1,206",,"1,331","16,846","7,107","9,844",,363,"15,276",744,"1,230","2,240","9,742",903,165,"12,646","4,916",
KAKAMEGA EAST,"31,632","29,188",795,,"1,929","24,310","7,001","10,833",,585,"20,403","1,154","1,321","4,052","1,938",412,109,"12,502","7,627",
KAKAMEGA NORTH,"43,441","40,626","2,158",,"3,777","32,356","15,577","24,349",,"1,595","26,992","1,249","3,657","5,533","14,327","1,795",290,"21,564","26,349",
KAKAMEGA SOUTH,"22,218","20,603",845,,727,"17,157","4,989","7,751",,459,"13,898",383,433,"1,824","2,258","1,075",86,"8,066","3,186",
KHWISERO,"23,443","21,852","1,997",,852,"18,067","7,481","10,871",,424,"16,115",422,696,"2,648","9,433","1,380",176,"10,012","2,045",
LIKUYANI,"24,849","23,091","1,331",,"1,557","16,495","2,206","7,798",,277,"9,907",974,"1,376","1,551",456,"1,221",182,"7,921","1,375",
LUGARI,"23,281","22,152","1,793",,"1,862","18,536","3,918","10,186",,449,"14,130",838,"1,542","1,938","2,324","2,310",127,"9,634","4,813",
MATETE,"11,488","10,806",887,,"1,314","8,790","2,654","5,635",,458,"6,456",384,900,"1,003","2,670",804,98,"5,106","6,596",
MATUNGU,"30,321","28,872","4,093",,"3,752","21,894","11,983","12,315",,972,"13,438",575,"1,081",743,"12,769","2,183",246,"8,971","5,348",
MUMIAS EAST,"21,549","20,364","1,729",,"2,211","14,861","9,245","9,828",,750,"12,950",553,871,792,"9,037",771,162,"9,833","6,678",
MUMIAS WEST,"19,375","18,074","3,031",,"1,459","14,036","7,680","8,041",,511,"9,860",271,582,822,"8,081","1,331",101,"7,203","1,937",
NAVAKHOLO,"29,022","27,555","2,097",,"3,748","24,040","13,607","17,044",,"1,840","19,933",961,"2,453","1,904","17,236","1,240",295,"16,425","18,037",
VIHIGA,"113,753","105,807","5,160",,"4,222","89,528","40,867","50,944",,"2,243","84,487","2,308","4,613","11,438","14,238","2,062",,"46,248","25,329",
EMUHAYA,"20,210","18,949","1,243",,671,"15,952","8,014","9,938",,345,"15,553",276,604,"1,454","2,902",559,,"8,444","3,788",
VIHIGA,"18,652","17,479",988,,760,"15,281","7,724","9,811",,628,"14,877",415,"1,035","1,955","5,400",400,,"7,942","5,077",
SABATIA,"25,789","24,235",958,,967,"21,396","8,626","10,280",,562,"19,856",618,777,"2,555",380,318,,"10,952","6,417",
LUANDA,"20,058","18,597","1,178",,713,"14,273","6,315","7,874",,369,"13,598",342,946,"1,514","3,421",431,,"8,030","3,636",
HAMISI,"29,042","26,545",793,,"1,111","22,625","10,188","13,041",,339,"20,603",657,"1,251","3,960","2,135",354,,"10,880","6,411",
KAKAMEGA FOREST,2,2,,,,1,,,,,,,,,,,,,,
BUNGOMA,"280,445","262,063","28,889",,"40,882","222,747","72,760","102,940","7,644","20,851","160,195","11,059","19,364","17,992","93,242","27,667","2,975","96,113","57,105","2,169"
BUMULA,"39,540","38,051","4,807",,"6,096","33,223","16,773","16,223","1,004","1,814","19,850",855,"2,703","1,510","17,551","3,610",645,"11,074","4,496",462
BUNGOMA CENTRAL,"31,835","30,119","4,485",,"4,099","27,450","8,297","12,083","1,241","4,436","20,570",864,"1,723","1,065","17,003","4,904",343,"9,915","5,455",242
BUNGOMA EAST,"19,688","18,256","1,493",,"1,926","14,731","3,953","8,274",595,"1,149","11,893",512,864,746,"6,043","2,087",184,"7,232","7,810",115
BUNGOMA NORTH,"20,848","19,517","1,824",,"1,777","15,116","4,526","7,683",454,693,"12,888",606,825,615,"2,677","1,754",130,"6,828","6,078",94
BUNGOMASOUTH,"41,443","38,314","4,726",,"6,361","31,823","12,916","17,632","1,084","2,372","22,809","1,227","3,173","2,177","17,721","3,707",499,"15,569","12,199",403
CHEPTAIS,"22,457","20,639",975,,"7,171","17,980","2,356","3,228",547,952,"10,749","3,274","3,462","6,569","1,909",485,113,"8,831",697,135
KIMILILI,"25,205","23,336","2,139",,"2,304","19,458","5,118","8,562",547,"1,769","15,762",874,932,786,"6,938","2,002",267,"7,785","3,861",187
MT. ELGON,"12,376","11,157",725,,"4,516","8,908",915,"1,661",215,107,"5,738","1,132",428,"1,638",281,"1,384",60,"3,901",543,47
BUNGOMA WEST,"22,145","21,201","2,853",,"2,344","19,429","6,575","7,261",461,"3,689","13,195",585,"2,824",831,"9,058","2,162",338,"7,965","1,001",236
TONGAREN,"17,578","16,498","1,351",,"1,450","13,273","2,848","6,384",577,289,"9,655",554,849,667,993,"1,605",156,"5,946","1,805",91
WEBUYE WEST,"26,624","24,971","3,511",,"2,836","21,356","8,483","13,949",919,"3,581","17,086",576,"1,581","1,388","13,068","3,967",240,"11,067","13,160",157
MT. ELGON FOREST,706,4,,,2,,,,,,,,,,,,,,,
BUSIA,"148,257","135,790","53,701","2,206","11,163","99,743","71,591","61,973",,"7,815","51,930","2,572","7,945","3,335","49,979","25,825","1,638","29,615","13,949","2,109"
BUNYALA,"12,676","9,683","7,636",969,856,"7,818","2,320","4,834",,632,"1,716",262,"1,075",278,"1,133","1,148",139,"2,081",542,67
BUSIA,"19,412","17,526","7,008",131,"1,595","12,303","7,957","7,931",,768,"6,163",323,612,669,"5,096","2,696",144,"4,271","1,623",135
BUTULA,"26,650","25,235","12,232",189,"2,246","18,400","13,465","12,450",,941,"10,573",423,776,599,"13,314","6,077",177,"5,932","1,850",143
NAMBALE,"19,743","18,550","3,728",190,"2,030","13,547","9,373","8,284",,964,"8,297",389,"1,027",450,"7,043","2,707",249,"4,405","4,580",199
SAMIA,"19,701","18,000","12,364",95,935,"15,426","11,002","10,734",,"1,116","4,160",319,979,494,"6,163","2,375",168,"3,378",717,416
TESO NORTH,"23,180","21,835","4,052",126,"1,499","17,479","11,893","10,092",,"1,763","10,942",509,"1,891",380,"9,374","4,782",320,"5,081",981,721
TESO SOUTH,"26,895","24,961","6,681",506,"2,002","14,770","15,581","7,648",,"1,631","10,079",347,"1,585",465,"7,856","6,040",441,"4,467","3,656",428
SIAYA,"194,362","181,114","99,872","1,310","9,298","132,295","59,310","67,040    -","15,925","60,751","2,906","10,464","10,099","47,293","18,069","1,794","49,344","8,326","3,125",
SIAYA,"44,532","41,256","24,591",602,"2,188","32,778","15,539","18,212 -","2,070","11,557",684,"2,538","2,182","8,777","3,442",406,"11,285","1,704",235,
GEM,"38,224","36,527","13,982",151,"1,719","29,190","14,553","16,761    -",979,"23,395",684,"1,755","3,649","10,747","2,474",264,"15,097","3,212",186,
UGENYA,"27,847","26,465","16,657",216,"2,080","22,578","11,484","12,939    -",957,"10,350",505,841,"1,173","9,013","3,989",198,"6,350","1,218",119,
UGUNJA,"21,054","19,948","9,736",92,"1,093","16,029","7,382","9,404    -",742,"8,398",400,632,"1,302","5,713","2,376",144,"7,122","1,101",112,
BONDO,"32,920","29,263","16,351",141,"1,081","15,715","4,506","4,698    -","3,346","3,437",433,"2,444","1,068","2,748","3,296",462,"5,371",545,218,
RARIEDA,"29,785","27,655","18,555",108,"1,137","16,005","5,846","5,026    -","7,831","3,614",200,"2,254",725,"10,295","2,492",320,"4,119",546,"2,255",
KISUMU,"147,117","126,050","66,687","10,259","8,789","62,434","37,426","30,515    -","22,727","38,295","2,447","13,653","9,675","24,973","14,492","2,037","34,752","17,204","2,174",
KISUMU EAST,"16,348","12,302","5,174",695,696,"5,060","3,666","3,322    -","1,334","3,736",252,"1,245",877,911,"1,432",264,"3,698","1,329",161,
KISUMU CENTRAL,"4,157","1,925",602,195,207,"1,015",487,451    -,219,602,115,440,329,352,346,104,"1,009",414,39,
KISUMU WEST,"23,207","20,287","7,307",141,"1,159","12,046","8,682","7,559    -","1,453","9,943",284,"1,572","1,408","4,735","1,759",203,"6,149","1,126",98,
SEME,"24,014","22,284","13,750",151,"1,587","11,737","9,807","7,040    -","5,537","7,100",398,"1,999","1,193","9,169","3,654",261,"5,457",611,140,
MUHORONI,"26,368","24,021","11,280","3,156","2,645","14,115","6,489","5,931    -","2,993","6,933",632,"2,853","2,456","1,360","2,369",315,"7,053","10,460",345,
NYANDO,"26,570","22,381","15,745","5,410",884,"7,938","2,427","1,868 -","6,985","2,404",366,"2,628",986,"1,016","2,404",550,"4,888","1,690","1,164",
NYAKACH,"26,453","22,850","12,829",511,"1,611","10,523","5,868","4,344    -","4,206","7,577",400,"2,916","2,426","7,430","2,528",340,"6,498","1,574",227,
HOMA BAY,"193,812","179,727","68,877","1,977","21,889","111,932","58,238","47,972    -","16,258","56,152","3,462","15,109","23,022","61,360","18,769","2,532","53,518","25,278","3,263",
HOMA BAY,"16,401","14,776","5,642",99,"1,725","9,772","4,272","3,300    -","1,466","3,994",325,"1,741","2,416","5,257","1,614",315,"5,302","2,270",222,
NDHIWA,"40,976","39,664","8,752",337,"7,601","30,245","14,918","11,860 -","3,376","14,761",869,"2,731","4,692","16,062","2,732",403,"14,267","17,233",328,
RACHUONYO NORTH,"32,414","29,483","16,472",154,"1,673","14,962","7,063","4,294    -","5,872","4,168",350,"2,742","1,340","13,057","4,247",452,"5,679",765,"1,494",
RACHUONYO EAST,"23,388","22,300","7,449",91,"2,606","14,948","8,576","10,275    -",840,"13,021",412,"1,456","3,721","6,550","1,681",161,"8,042","1,419",125,
RACHUONYO SOUTH,"23,419","22,164","6,122",140,"2,608","14,084","7,991","7,969    -",710,"9,752",355,"1,281","3,930","8,186","2,352",224,"7,198",968,152,
RANGWE,"22,145","21,005","7,651",956,"3,273","12,531","9,251","6,651    -","1,420","5,824",576,"1,863","4,123","8,898","2,167",277,"7,448","1,634",494,
SUBA NORTH,"17,645","14,975","8,722",81,782,"7,190","1,731","1,346    -","1,399","2,006",198,"1,726","1,044","1,431","1,711",398,"2,914",424,333,
SUBA SOUTH,"17,424","15,360","8,067",119,"1,621","8,200","4,436","2,277    -","1,175","2,626",377,"1,569","1,756","1,919","2,265",302,"2,668",565,115,
MIGORI,"169,958","156,039","28,039",,"24,080","98,634","62,251","61,576    -","5,511","56,025","4,584","13,375","21,117","36,245","16,599","2,541","54,924","35,791",,
AWENDO,"20,101","18,804","1,635",,"2,896","10,379","6,215","4,837    -",654,"9,126",237,849,"2,975","5,604",525,146,"7,076","10,948",,
KURIA EAST,"14,610","13,830","4,301",,"3,013","11,393","5,016","8,034    -",587,"8,068","1,063","2,150","3,328","3,312","4,837",388,"7,583","1,251",,
KURIA WEST,"28,212","26,535","5,863",,"3,580","19,450","9,870","16,302    -",772,"8,328","1,414","2,969","4,872","5,988","4,163",477,"11,080","1,539",,
NYATIKE,"26,354","21,396","7,950",,"3,345","10,193","8,735","6,103    -","1,056","1,351",297,"2,510",691,"2,705","3,151",763,"3,180",835,,
RONGO,"19,910","18,699","1,415",,"2,691","9,499","5,982","5,519    -",400,"10,016",423,919,"2,977","4,629",651,153,"7,134","8,328",,
SUNA EAST,"18,705","17,353","1,537",,"1,937","12,196","6,177","5,950    -",692,"7,795",349,"1,009","2,153","4,854",619,144,"6,411","3,174",,
SUNA WEST,"17,050","15,736","2,908",,"3,183","9,081","9,022","5,760    -",459,"2,270",308,"1,284",939,"2,302","1,649",194,"3,974",579,,
URIRI,"25,016","23,686","2,430",,"3,435","16,443","11,234","9,071    -",891,"9,071",493,"1,685","3,182","6,851","1,004",276,"8,486","9,137",,
KISII,"219,853","194,138","31,358",,"12,622","141,895","18,851","24,900    -","4,062","147,402","7,271","8,830","44,787","14,773","41,160",,"129,308","29,793",,
ETAGO,"15,099","13,639","2,610",,"1,430","10,198","2,505","2,205    -",332,"8,568",398,746,"3,010","2,328","2,774",,"7,313","6,911",,
GUCHA,"15,067","13,349","1,927",,750,"9,267","1,388","1,971    -",343,"9,946",350,404,"2,085","1,300","2,233",,"9,132","1,979",,
GUCHASOUTH,"15,386","14,291","3,434",,886,"10,459","1,901","2,173    -",600,"9,081",342,713,"2,745","3,355","4,223",,"9,000","3,355",,
KENYENYA,"23,613","20,895","2,432",,"1,762","15,730","1,592","3,466    -",257,"16,501",868,709,"3,328",488,"2,815",,"13,128","2,646",,
KISII CENTRAL,"24,658","19,737","1,647",,863,"13,871","1,543","2,264    -",250,"16,889",856,913,"5,322",237,"2,300",,"15,368","3,695",,
KISII SOUTH,"22,532","19,966","2,768",,917,"13,488","2,614","1,875    -",397,"16,249",431,600,"4,684","2,929","2,662",,"11,945","4,139",,
KITUTU CENTRAL,"20,197","16,904","2,017",,644,"10,689","1,865","1,987    -",495,"12,077",457,814,"3,959","1,377","2,922",,"10,197","1,618",,
MARANI,"21,857","20,035","7,851",,622,"16,119","2,007","1,536    -",330,"15,128",599,"1,250","6,551","2,129","7,854",,"14,200","2,218",,
MASABA SOUTH,"23,932","21,336","2,890",,"2,527","18,773","1,063","2,952    -",598,"16,946","1,632","1,344","6,354",110,"6,510",,"16,125","1,259",,
NYAMACHE,"24,952","22,570","2,258",,"1,614","15,565","1,202","2,874    -",203,"17,153","1,014",848,"4,337",136,"4,559",,"15,026","1,115",,
SAMETA,"12,560","11,416","1,524",,607,"7,736","1,171","1,597    -",257,"8,864",324,489,"2,412",384,"2,308",,"7,874",858,,
NYAMIRA,"110,028","89,330","10,634","-    7,009","73,139","6,117","13,058","6,094","1,367","73,928","6,758","6,525","27,871","2,934","24,192","-    71,185","11,480",803,,
BORABU,"10,890","8,241","1,209","-    1,966","7,949",525,"2,263",568,173,"6,641","1,598","1,156","3,121",142,"2,587",-    7 244,"1,470",102,,
MANGA,"18,096","14,971","1,566",-    767,"11,840","1,319","1,929","1,040",204,"13,727",909,911,"5,775",99,"4,301",-    13 268,"2,407",129,,
MASABANORTH,"20,678","17,087","1,921","-    1,715","14,621",972,"2,537",1 200',304,"14,128","1,207","1,043","5,775",137,"4,889","-    13,799","1,807",186,,
NYAMIRA NORTH,"31,900","26,777","2,931","-    1,510","21,226","2,210","4,019","1,326",320,"20,950","1,616","1,755","5,446","1,387","5,678","-18,212","2,669",172,,
NYAMIRA SOUTH,"28,464","22,254","3,007","-    1,051","17,503","1,091","2,310","1,960",366,"18,482","1,428","1,660","7,754","1,169","6,737","-18,662","3,127",214,,
NAIROBI,"32,258","9,867",,,"7,610",,,,,,,,,,,"-    9,573",,,,
DAGORETTI,"5,691","2,319",,,"2,029",,,-,-,-,-,-,-,,,-    2 057,,,,
EMBAKASI,"3,224",699,-,--,526,-,-,-,-,-,-,-,-,,,-    704,,,,
KAMUKUNJI,459,95,,,63,,,,,,,,,,,-    99,,,,
KASARANI,"6,136","1,904",,,"1,283",,,,,,,,,,,"-    1,934",,,,
KIBRA,737,187,,,152,,,,,,,,,,,-201,,,,
LANG'ATA,"1,712",533,,,414,,,,,,,,,,,-    734,,,,
MAKADARA,639,106,,,77,,,,,,,,,,,-    92,,,,
MATHARE,735,178,-,,142,,,,,,,,,,,-    147,,,,
NJIRU,"10,642","2,950",-,--,"2,180",-,-,-,-,-,-,-,-,,,"-    2,715",,,,
STAREHE,483,158,,,124,,,,,,,,,,,-    113,,,,
WESTLANDS,"1,800",738,,,620,,,,,,,,,,,-    777,,,,
