County/ Sub-County,Total*,Pre-Primary,Primary,Secondary,Technical and Vocational Training (TVET),University,Adult Basic Education,Madrasa/ Duksi,Don't Know,Not Stated
KENYA,"36,212,477","3,616,843","18,341,098","9,787,320","2,755,273","1,511,943","37,546","51,996","101,326","9,132"
Rural,"24,039,655","2,629,252","13,757,157","5,805,561","1,210,293","513,134","30,783","28,994","59,188","5,293"
Urban,"12,172,822","987,591","4,583,941","3,981,759","1,544,980","998,809","6,763","23,002","42,138","3,839"
Male,"18,127,920","1,831,127","9,014,925","4,953,224","1,342,878","879,128","16,510","27,251","58,314","4,563"
Female,"18,083,556","1,785,619","9,325,664","4,833,831","1,412,336","632,760","21,034","24,745","43,003","4,564"
Intersex,"1,001",97,509,265,59,55,2,,9,5
MOMBASA,"990,259","97,076","430,763","300,239","108,066","46,081",749,"3,678","3,356",251
Male,"507,180","48,282","211,461","162,278","54,043","27,031",358,"1,645","1,947",135
Female,"483,066","48,794","219,295","137,959","54,022","19,047",391,"2,033","1,409",116
CHANGAMWE,"113,346","9,412","46,958","38,842","13,618","3,955",64,74,411,12
Male,"59,561","4,716","23,470","21,191","7,386","2,472",31,36,255,4
Female,"53,785","4,696","23,488","17,651","6,232","1,483",33,38,156,8
JOMVU,"135,585","14,579","62,392","41,001","13,043","4,093",82,54,313,28
Male,"70,085","7,282","30,863","22,200","6,882","2,574",46,23,201,14
Female,"65,497","7,297","31,527","18,801","6,160","1,519",36,31,112,14
KISAUNI,"236,303","25,085","107,205","66,247","26,453","9,820",172,313,939,69
Male,"120,288","12,592","52,942","35,161","12,989","5,824",83,140,519,38
Female,"116,013","12,493","54,262","31,086","13,464","3,995",89,173,420,31
LIKONI,"203,522","23,313","94,569","63,217","16,830","4,537",203,289,541,23
Male,"105,103","11,450","46,141","35,153","8,876","2,922",98,158,290,15
Female,"98,417","11,863","48,427","28,063","7,954","1,615",105,131,251,8
MVITA,"119,741","8,611","44,973","35,884","15,909","11,025",124,"2,619",529,67
Male,"59,338","4,225","21,026","19,114","7,318","6,095",54,"1,148",318,40
Female,"60,402","4,386","23,946","16,770","8,591","4,930",70,"1,471",211,27
NYALI,"181,762","16,076","74,666","55,048","22,213","12,651",104,329,623,52
Male,"92,805","8,017","37,019","29,459","10,592","7,144",46,140,364,24
Female,"88,952","8,059","37,645","25,588","11,621","5,505",58,189,259,28
KWALE,"585,770","88,462","365,278","97,301","24,132","7,542",595,844,"1,447",169
Male,"304,149","45,273","185,712","54,022","12,602","4,841",300,462,848,89
Female,"281,610","43,186","179,560","43,278","11,529","2,701",295,382,599,80
KINANGO,"58,568","10,719","39,051","6,434","1,684",450,82,10,121,17
Male,"30,470","5,516","19,976","3,555",983,323,41,5,64,7
Female,"28,097","5,203","19,074","2,879",701,127,41,5,57,10
LUNGA LUNGA,"122,221","20,646","81,821","15,349","2,828",776,184,241,366,10
Male,"63,937","10,565","41,844","8,851","1,659",562,105,135,210,6
Female,"58,283","10,081","39,976","6,498","1,169",214,79,106,156,4
MATUGA,"139,714","19,569","85,636","25,632","6,096","2,138",155,179,268,41
Male,"72,298","10,113","43,267","14,084","3,113","1,361",65,109,164,22
Female,"67,414","9,456","42,368","11,547","2,983",777,90,70,104,19
MSAMBWENI,"136,026","15,454","73,634","33,027","9,723","3,238",81,372,467,30
Male,"70,023","7,761","37,063","18,023","4,716","1,924",39,196,282,19
Female,"66,000","7,692","36,570","15,004","5,006","1,314",42,176,185,11
SAMBURU,"129,241","22,074","85,136","16,859","3,801",940,93,42,225,71
Male,"67,421","11,318","43,562","9,509","2,131",671,50,17,128,35
Female,"61,816","10,754","41,572","7,350","1,670",269,43,25,97,36
KILIFI,"1,063,750","145,106","638,932","204,960","50,818","18,855","1,155","1,052","2,635",237
Male,"549,374","73,395","321,603","114,155","25,936","11,546",569,544,"1,516",110
Female,"514,362","71,709","317,320","90,804","24,881","7,309",586,508,"1,119",126
CHONYI,"44,897","6,743","28,451","7,881","1,321",364,57,1,79,
Male,"23,263","3,431","14,228","4,487",775,257,36,1,48,
Female,"21,633","3,312","14,222","3,394",546,107,21,,31,
GANZE,"95,274","15,986","63,246","12,558","2,408",699,187,3,139,48
Male,"48,889","8,092","31,970","6,803","1,334",504,93,1,72,20
Female,"46,383","7,894","31,274","5,755","1,074",195,94,2,67,28
KALOLENI,"134,645","19,476","83,746","22,986","6,024","1,760",174,49,373,57
Male,"69,960","9,960","42,603","12,736","3,200","1,112",80,25,220,24
Female,"64,681","9,514","41,142","10,250","2,824",648,94,24,153,32
KAUMA,"16,076","2,275","10,574","2,733",324,90,22,4,54,
Male,"8,528","1,146","5,406","1,666",189,68,13,3,37,
Female,"7,548","1,129","5,168","1,067",135,22,9,1,17,
KILIFI NORTH,"138,095","17,710","77,950","27,739","9,138","5,000",75,121,353,9
Male,"70,668","9,021","38,664","15,234","4,513","2,933",29,66,204,4
Female,"67,425","8,689","39,285","12,504","4,625","2,067",46,55,149,5
KILIFI SOUTH,"158,925","19,837","85,413","38,606","10,419","3,969",126,53,490,12
Male,"81,501","10,097","42,476","21,098","5,161","2,310",56,31,265,7
Female,"77,423","9,740","42,937","17,508","5,257","1,659",70,22,225,5
MAGARINI,"134,107","19,900","89,467","19,947","3,316",843,224,210,180,20
Male,"70,300","9,963","45,673","11,796","1,900",611,122,114,108,13
Female,"63,807","9,937","43,794","8,151","1,416",232,102,96,72,7
MALINDI,"252,086","32,954","145,107","54,061","13,312","5,050",197,589,732,84
Male,"129,812","16,457","73,048","30,044","6,375","3,055",92,286,416,39
Female,"122,270","16,497","72,055","24,017","6,937","1,995",105,303,316,45
RABAI,"89,645","10,225","54,978","18,449","4,556","1,080",93,22,235,7
Male,"46,453","5,228","27,535","10,291","2,489",696,48,17,146,3
Female,"43,192","4,997","27,443","8,158","2,067",384,45,5,89,4
TANA RIVER,"158,000","27,966","90,660","29,624","5,869","1,716",239,"1,478",322,126
Male,"84,380","14,636","45,426","18,285","3,599","1,238",132,803,204,57
Female,"73,620","13,330","45,234","11,339","2,270",478,107,675,118,69
TANA DELTA,"60,630","11,454","34,778","11,085","2,068",498,68,554,79,46
Male,"32,005","5,923","17,283","6,748","1,293",366,39,295,42,16
Female,"28,625","5,531","17,495","4,337",775,132,29,259,37,30
TANA NORTH,"46,803","7,603","26,573","9,640","1,689",500,103,571,95,29
Male,"26,331","4,088","14,199","6,167","1,055",367,57,311,70,17
Female,"20,472","3,515","12,374","3,473",634,133,46,260,25,12
TANA RIVER,"50,567","8,909","29,309","8,899","2,112",718,68,353,148,51
Male,"26,044","4,625","13,944","5,370","1,251",505,36,197,92,24
Female,"24,523","4,284","15,365","3,529",861,213,32,156,56,27
LAMU,"103,880","11,533","60,689","23,070","4,842","1,908",113,"1,475",214,36
Male,"56,751","5,910","31,109","14,577","2,904","1,302",55,745,130,19
Female,"47,126","5,623","29,577","8,493","1,938",606,58,730,84,17
LAMU EAST,"15,810","1,859","9,769","2,944",518,129,27,538,26,
Male,"8,629",947,"4,963","1,973",348,101,13,268,16,
Female,"7,181",912,"4,806",971,170,28,14,270,10,
LAMU WEST,"88,070","9,674","50,920","20,126","4,324","1,779",86,937,188,36
Male,"48,122","4,963","26,146","12,604","2,556","1,201",42,477,114,19
Female,"39,945","4,711","24,771","7,522","1,768",578,44,460,74,17
TAITA/TAVETA,"283,179","22,741","157,461","73,166","22,160","6,538",389,47,607,70
Male,"146,247","11,494","79,811","38,607","11,762","4,064",106,23,345,35
Female,"136,927","11,246","77,648","34,557","10,398","2,474",283,24,262,35
MWATATE,"69,170","5,465","39,503","17,643","4,982","1,348",98,6,116,9
Male,"35,947","2,751","20,083","9,462","2,719",820,34,4,69,5
Female,"33,222","2,713","19,420","8,181","2,263",528,64,2,47,4
TAITA,"48,089","3,529","25,788","13,605","3,924","1,023",98,4,116,2
Male,"24,894","1,766","13,153","7,128","2,127",638,23,2,57,
Female,"23,195","1,763","12,635","6,477","1,797",385,75,2,59,2
TAVETA,"73,195","6,476","44,637","16,469","4,028","1,384",51,19,109,22
Male,"38,171","3,280","22,978","8,818","2,111",890,18,8,59,9
Female,"35,024","3,196","21,659","7,651","1,917",494,33,11,50,13
VOI,"92,725","7,271","47,533","25,449","9,226","2,783",142,18,266,37
Male,"47,235","3,697","23,597","13,199","4,805","1,716",31,9,160,21
Female,"45,486","3,574","23,934","12,248","4,421","1,067",111,9,106,16
GARISSA,"165,797","14,038","80,657","41,670","7,414","4,247",716,"15,615","1,283",157
Male,"98,291","7,262","45,637","27,597","4,780","3,179",423,"8,556",763,94
Female,"67,501","6,776","35,018","14,071","2,634","1,067",293,"7,059",520,63
BALAMBALA,"3,535",319,"1,679","1,394",76,32,28,6,1,
Male,"2,391",176,"1,019","1,095",54,21,21,4,1,
Female,"1,144",143,660,299,22,11,7,2,,
DADAAB,"25,675","1,536","13,711","6,429",898,412,147,"2,273",210,59
Male,"15,538",793,"7,793","4,450",671,321,86,"1,256",126,42
Female,"10,137",743,"5,918","1,979",227,91,61,"1,017",84,17
FAFI,"18,945","1,380","9,799","5,000",413,125,100,"2,002",103,23
Male,"11,187",734,"5,431","3,405",301,103,61,"1,071",67,14
Female,"7,756",646,"4,367","1,594",112,22,39,931,36,9
GARISSA,"56,947","4,033","25,456","15,688","4,116","2,795",98,"4,333",378,50
Male,"32,463","2,062","13,813","9,657","2,390","2,025",54,"2,224",215,23
Female,"24,481","1,971","11,642","6,030","1,726",769,44,"2,109",163,27
HULUGHO,"22,386","2,504","11,240","4,217",373,190,116,"3,611",127,8
Male,"13,803","1,346","6,922","2,897",276,158,64,"2,050",85,5
Female,"8,583","1,158","4,318","1,320",97,32,52,"1,561",42,3
IJARA,"33,072","3,558","15,779","7,894","1,407",614,189,"3,186",428,17
Male,"20,104","1,825","9,159","5,419",994,489,116,"1,846",246,10
Female,"12,968","1,733","6,620","2,475",413,125,73,"1,340",182,7
LAGDERA,"5,237",708,"2,993","1,048",131,79,38,204,36,
Male,"2,805",326,"1,500",674,94,62,21,105,23,
Female,"2,432",382,"1,493",374,37,17,17,99,13,
WAJIR,"151,956","15,622","83,393","34,632","5,871","2,739",504,"8,520",610,65
Male,"88,325","8,026","46,217","22,208","4,053","2,158",296,"4,913",413,41
Female,"63,627","7,595","37,175","12,423","1,818",580,208,"3,607",197,24
BUNA,"6,738",783,"3,447","1,654",214,82,33,504,20,1
Male,"3,843",417,"1,884","1,045",141,68,18,261,9,
Female,"2,895",366,"1,563",609,73,14,15,243,11,1
ELDAS,"15,538","1,933","9,164","2,974",407,140,69,774,77,
Male,"8,477",939,"4,748","1,918",272,106,41,403,50,
Female,"7,061",994,"4,416","1,056",135,34,28,371,27,
HABASWEIN,"39,532","3,238","19,736","9,085","1,442",593,170,"5,082",162,24
Male,"23,862","1,722","11,504","5,861","1,021",485,97,"3,055",105,12
Female,"15,670","1,516","8,232","3,224",421,108,73,"2,027",57,12
TARBAJ,"7,220",776,"4,420","1,642",179,73,19,104,7,
Male,"3,749",353,"2,160",974,140,53,10,55,4,
Female,"3,470",423,"2,259",668,39,20,9,49,3,
WAJIR EAST,"33,348","2,721","17,313","9,126","2,063","1,196",57,643,202,27
Male,"19,381","1,411","9,420","5,677","1,380",944,35,344,148,22
Female,"13,966","1,310","7,893","3,449",683,251,22,299,54,5
WAJIR NORTH,"10,871","1,612","6,418","1,975",394,226,28,202,16,
Male,"6,104",792,"3,423","1,290",276,190,20,104,9,
Female,"4,767",820,"2,995",685,118,36,8,98,7,
WAJIR SOUTH,"17,774","2,395","10,850","3,559",510,144,74,176,53,13
Male,"10,950","1,316","6,509","2,452",365,117,46,103,35,7
Female,"6,823","1,078","4,341","1,107",145,27,28,73,18,6
WAJIR WEST,"20,935","2,164","12,045","4,617",662,285,54,"1,035",73,
Male,"11,959","1,076","6,569","2,991",458,195,29,588,53,
Female,"8,975","1,088","5,476","1,625",204,90,25,447,20,
MANDERA,"197,490","20,796","112,762","43,633","5,969","2,829",594,"9,802",966,139
Male,"109,059","9,904","59,225","27,672","4,163","2,245",320,"4,965",491,74
Female,"88,428","10,892","53,535","15,960","1,806",584,274,"4,837",475,65
MANDERA WEST,"24,818","4,188","14,826","4,250",492,259,62,675,62,4
Male,"13,284","1,943","7,694","2,664",360,212,32,346,31,2
Female,"11,534","2,245","7,132","1,586",132,47,30,329,31,2
BANISA,"22,704","3,391","13,175","3,977",646,156,148,"1,004",206,1
Male,"13,086","1,713","7,335","2,689",465,127,71,586,100,
Female,"9,617","1,678","5,839","1,288",181,29,77,418,106,1
KOTULO,"18,807","1,923","10,810","4,010",589,248,37,"1,114",76,
Male,"10,129",875,"5,494","2,531",440,192,22,529,46,
Female,"8,677","1,048","5,315","1,479",149,56,15,585,30,
LAFEY,"13,505","1,251","6,970","3,403",283,139,104,"1,266",88,1
Male,"6,945",577,"3,348","1,979",196,96,64,645,39,1
Female,"6,560",674,"3,622","1,424",87,43,40,621,49,
MANDERA CENTRAL,"40,307","3,836","22,950","8,477","1,215",397,82,"2,937",280,133
Male,"20,137","1,596","10,812","5,004",814,320,42,"1,348",130,71
Female,"20,169","2,240","12,138","3,472",401,77,40,"1,589",150,62
MANDERA EAST,"48,557","3,253","26,137","13,353","2,029","1,348",87,"2,181",169,
Male,"28,744","1,690","14,445","8,874","1,360","1,057",55,"1,162",101,
Female,"19,813","1,563","11,692","4,479",669,291,32,"1,019",68,
MANDERA NORTH,"28,792","2,954","17,894","6,163",715,282,74,625,85,
Male,"16,734","1,510","10,097","3,931",528,241,34,349,44,
Female,"12,058","1,444","7,797","2,232",187,41,40,276,41,
MARSABIT,"146,569","20,707","82,364","30,428","6,877","4,611",210,778,378,216
Male,"78,922","10,355","41,996","18,352","4,041","3,310",114,406,238,110
Female,"67,643","10,352","40,365","12,075","2,836","1,301",96,372,140,106
LOIYANGALANI,"8,271","1,387","4,779","1,531",362,174,17,,21,
Male,"4,155",630,"2,161",957,243,144,8,,12,
Female,"4,115",757,"2,617",574,119,30,9,,9,
MARSABIT CENTRAL,"43,011","5,032","22,939","10,002","2,661","2,147",31,23,176,
Male,"22,802","2,544","11,623","5,654","1,380","1,467",18,8,108,
Female,"20,207","2,488","11,315","4,347","1,281",680,13,15,68,
MARSABIT NORTH,"12,276","1,854","7,143","2,331",564,314,22,19,29,
Male,"6,375",912,"3,455","1,374",336,248,12,14,24,
Female,"5,901",942,"3,688",957,228,66,10,5,5,
MARSABIT SOUTH,"14,999","2,433","8,158","3,114",772,424,48,,39,11
Male,"7,702","1,109","3,758","1,941",517,336,12,,23,6
Female,"7,297","1,324","4,400","1,173",255,88,36,,16,5
MOYALE,"43,034","6,037","25,085","8,561","1,461","1,053",38,727,61,11
Male,"24,024","3,142","13,503","5,339",866,730,22,377,39,6
Female,"19,010","2,895","11,582","3,222",595,323,16,350,22,5
NORTH HORR,"8,597","1,298","4,482","1,843",493,246,21,2,24,188
Male,"4,886",657,"2,412","1,178",328,183,17,1,15,95
Female,"3,710",641,"2,069",665,165,63,4,1,9,93
SOLOLO,"16,381","2,666","9,778","3,046",564,253,33,7,28,6
Male,"8,978","1,361","5,084","1,909",371,202,25,6,17,3
Female,"7,403","1,305","4,694","1,137",193,51,8,1,11,3
ISIOLO,"129,220","17,498","67,106","31,730","7,514","3,955",126,"1,053",201,37
Male,"68,403","8,893","33,651","18,416","3,917","2,667",60,650,128,21
Female,"60,816","8,604","33,455","13,314","3,597","1,288",66,403,73,16
GARBATULLA,"34,291","4,871","20,252","7,063",851,414,44,739,45,12
Male,"18,837","2,488","10,556","4,453",548,312,25,418,29,8
Female,"15,454","2,383","9,696","2,610",303,102,19,321,16,4
ISIOLO,"77,157","9,478","36,788","21,141","6,053","3,303",76,172,121,25
Male,"40,237","4,826","18,215","11,824","2,980","2,158",32,114,75,13
Female,"36,920","4,652","18,573","9,317","3,073","1,145",44,58,46,12
MERTI,"17,772","3,149","10,066","3,526",610,238,6,142,35,
Male,"9,329","1,579","4,880","2,139",389,197,3,118,24,
Female,"8,442","1,569","5,186","1,387",221,41,3,24,11,
MERU,"1,216,440","117,222","701,141","283,746","75,179","33,250","1,672",47,"3,801",382
Male,"610,726","60,337","355,034","137,439","35,548","19,269",695,25,"2,176",203
Female,"605,685","56,884","346,087","146,301","39,631","13,980",976,22,"1,625",179
BUURI EAST,"64,905","4,330","35,957","17,730","4,863","1,694",94,3,202,32
Male,"32,790","2,273","18,513","8,544","2,342",955,20,1,124,18
Female,"32,115","2,057","17,444","9,186","2,521",739,74,2,78,14
BUURI WEST,"68,643","5,100","36,899","20,945","3,942","1,533",89,3,124,8
Male,"34,638","2,594","18,872","10,286","1,908",871,25,3,76,3
Female,"34,003","2,506","18,025","10,659","2,034",662,64,,48,5
IGEMBE CENTRAL,"159,847","21,007","101,814","28,491","5,445","2,295",184,3,566,42
Male,"80,629","10,746","51,806","13,829","2,461","1,360",97,3,305,22
Female,"79,215","10,261","50,006","14,662","2,984",934,87,,261,20
IGEMBE NORTH,"113,067","14,096","71,317","20,882","4,383","1,725",174,1,438,51
Male,"56,380","7,304","35,718","9,972","1,948","1,085",96,,229,28
Female,"56,684","6,792","35,597","10,909","2,435",640,78,1,209,23
IGEMBE SOUTH,"120,462","14,868","73,524","23,080","5,798","2,504",166,11,455,56
Male,"59,789","7,741","36,688","10,857","2,612","1,504",86,7,264,30
Female,"60,668","7,127","36,831","12,223","3,186","1,000",80,4,191,26
IMENTI NORTH,"151,474","10,697","70,066","44,188","17,213","8,657",194,4,401,54
Male,"75,696","5,456","35,851","21,352","7,878","4,824",68,3,230,34
Female,"75,774","5,240","34,214","22,834","9,335","3,833",126,1,171,20
IMENTI SOUTH,"176,990","13,879","90,810","51,199","14,146","6,261",255,13,410,17
Male,"89,508","7,237","46,695","25,054","6,767","3,423",85,4,235,8
Female,"87,477","6,642","44,111","26,145","7,379","2,838",169,9,175,9
MERU CENTRAL,"113,818","8,719","63,531","29,525","8,443","3,009",196,6,339,50
Male,"58,082","4,474","33,098","14,338","4,192","1,682",68,2,204,24
Female,"55,733","4,245","30,432","15,185","4,251","1,327",128,4,135,26
TIGANIA CENTRAL,"81,247","8,747","53,256","14,245","3,079","1,510",112,1,294,3
Male,"40,888","4,431","26,803","6,944","1,531",955,62,1,159,2
Female,"40,359","4,316","26,453","7,301","1,548",555,50,,135,1
TIGANIA EAST,"52,912","5,440","33,082","10,402","2,422","1,235",51,,225,55
Male,"26,146","2,754","16,106","5,139","1,176",788,23,,131,29
Female,"26,764","2,686","16,974","5,263","1,246",447,28,,94,26
TIGANIA WEST,"112,439","10,323","70,567","22,853","5,365","2,812",157,2,346,14
Male,"55,657","5,317","34,616","10,952","2,669","1,814",65,1,218,5
Female,"56,780","5,006","35,950","11,900","2,696",998,92,1,128,9
MERU NATIONAL PARK,279,12,58,135,65,9,,,,
Male,210,7,38,111,50,4,,,,
Female,69,5,20,24,15,5,,,,
MT. KENYA FOREST,357,4,260,71,15,6,,,1,
Male,313,3,230,61,14,4,,,1,
Female,44,1,30,10,1,2,,,,
THARAKA-NITHI,"324,735","28,201","177,042","82,656","23,374","11,607",581,8,"1,195",71
Male,"162,637","14,486","88,849","40,581","11,030","6,740",230,3,680,38
Female,"162,093","13,715","88,190","42,073","12,344","4,867",351,5,515,33
IGAMBANG'OMBE,"43,160","4,516","26,537","8,771","2,206",831,93,,191,15
Male,"21,790","2,357","13,398","4,319","1,059",508,30,,110,9
Female,"21,369","2,159","13,138","4,452","1,147",323,63,,81,6
MAARA,"100,251","6,696","52,442","29,188","8,031","3,425",135,3,318,13
Male,"50,814","3,481","27,006","14,329","3,837","1,906",50,1,198,6
Female,"49,437","3,215","25,436","14,859","4,194","1,519",85,2,120,7
MERU SOUTH,"78,987","5,603","36,910","23,742","7,377","4,877",133,3,321,21
Male,"39,388","2,801","18,788","11,379","3,407","2,768",52,1,182,10
Female,"39,597","2,802","18,122","12,361","3,970","2,109",81,2,139,11
THARAKA NORTH,"42,198","5,122","25,671","8,426","1,881",776,136,,169,17
Male,"21,044","2,588","12,556","4,326",924,481,66,,93,10
Female,"21,153","2,534","13,114","4,100",957,295,70,,76,7
THARAKA SOUTH,"59,985","6,257","35,463","12,460","3,824","1,694",84,2,196,5
Male,"29,530","3,255","17,092","6,181","1,793","1,076",32,1,97,3
Female,"30,454","3,002","18,370","6,279","2,031",618,52,1,99,2
MT. KENYA FOREST,154,7,19,69,55,4,,,,
Male,71,4,9,47,10,1,,,,
Female,83,3,10,22,45,3,,,,
EMBU,"517,269","39,879","271,496","146,805","39,939","17,266",685,70,"1,078",51
Male,"262,672","20,404","140,414","72,471","18,732","9,718",234,34,643,22
Female,"254,578","19,472","131,075","74,326","21,207","7,547",451,36,435,29
EMBU EAST,"111,127","7,907","58,164","33,482","8,205","2,977",165,9,215,3
Male,"56,420","4,137","30,039","16,499","3,882","1,676",60,4,122,1
Female,"54,705","3,769","28,124","16,983","4,323","1,301",105,5,93,2
EMBU NORTH,"68,261","5,407","33,246","22,054","5,381","1,966",95,11,97,4
Male,"34,819","2,817","17,317","10,826","2,659","1,098",37,5,59,1
Female,"33,441","2,590","15,929","11,227","2,722",868,58,6,38,3
EMBU WEST,"109,340","7,180","46,795","33,914","13,714","7,255",131,42,300,9
Male,"54,284","3,645","24,206","16,202","5,981","3,993",50,20,182,5
Female,"55,047","3,535","22,586","17,707","7,733","3,261",81,22,118,4
MBEERE SOUTH,"138,377","11,709","79,786","35,718","7,653","2,956",214,6,305,30
Male,"71,777","5,979","41,714","18,231","3,868","1,715",64,4,188,14
Female,"66,595","5,729","38,069","17,486","3,785","1,241",150,2,117,16
MBEERE NORTH,"90,143","7,676","53,503","21,625","4,980","2,111",80,2,161,5
Male,"45,354","3,826","27,136","10,703","2,337","1,235",23,1,92,1
Female,"44,787","3,849","26,367","10,921","2,643",876,57,1,69,4
MT. KENYA FOREST,21,,2,12,6,1,,,,
Male,18,,2,10,5,1,,,,
Female,3,,,2,1,,,,,
KITUI,"908,143","86,386","554,768","188,690","52,313","20,242","1,275",53,"4,266",150
Male,"450,111","44,114","271,559","94,079","25,626","11,806",576,29,"2,261",61
Female,"458,011","42,268","283,196","94,608","26,687","8,435",699,24,"2,005",89
IKUTHA,"66,934","7,178","43,232","12,090","3,094",856,84,3,394,3
Male,"33,266","3,729","21,157","6,002","1,585",540,40,2,209,2
Female,"33,668","3,449","22,075","6,088","1,509",316,44,1,185,1
KATULANI,"38,698","2,961","21,960","10,038","2,622",941,45,2,129,
Male,"19,602","1,538","10,860","5,187","1,368",550,15,,84,
Female,"19,095","1,422","11,100","4,851","1,254",391,30,2,45,
KISASI,"37,580","3,612","23,696","7,854","1,600",653,45,,113,7
Male,"19,003","1,856","11,840","3,976",839,405,23,,63,1
Female,"18,577","1,756","11,856","3,878",761,248,22,,50,6
KITUI CENTRAL,"88,883","7,201","45,400","23,548","8,226","4,042",88,4,366,8
Male,"44,153","3,697","22,330","11,835","3,846","2,186",42,3,210,4
Female,"44,728","3,504","23,069","11,712","4,380","1,856",46,1,156,4
KITUI WEST,"59,783","4,907","34,392","14,104","4,375","1,706",59,1,239,
Male,"29,252","2,477","16,809","6,803","2,061",967,19,,116,
Female,"30,530","2,430","17,582","7,301","2,314",739,40,1,123,
KYUSO,"58,859","6,438","38,708","9,628","2,667",898,92,1,419,8
Male,"28,937","3,243","18,806","4,822","1,253",561,39,1,210,2
Female,"29,921","3,195","19,902","4,805","1,414",337,53,,209,6
LOWER YATTA,"51,367","4,351","31,077","11,972","2,441","1,199",73,3,245,6
Male,"26,288","2,290","15,702","6,123","1,294",711,28,2,137,1
Female,"25,079","2,061","15,375","5,849","1,147",488,45,1,108,5
MATINYANI,"40,061","3,415","22,851","9,644","2,964","1,019",51,,117,
Male,"20,200","1,760","11,455","4,794","1,540",562,25,,64,
Female,"19,860","1,655","11,395","4,850","1,424",457,26,,53,
MIGWANI,"65,677","5,421","37,789","15,379","4,742","1,818",94,2,408,24
Male,"31,764","2,730","18,147","7,353","2,208","1,053",21,1,238,13
Female,"33,910","2,691","19,640","8,026","2,534",764,73,1,170,11
MUMONI,"23,414","3,092","14,532","4,256",968,408,76,,80,2
Male,"11,198","1,524","6,781","2,081",486,237,41,,46,2
Female,"12,216","1,568","7,751","2,175",482,171,35,,34,
MUTITU,"41,209","4,208","28,177","6,630","1,437",512,47,1,148,49
Male,"20,372","2,200","13,641","3,314",785,306,29,,76,21
Female,"20,835","2,008","14,534","3,316",652,206,18,1,72,28
MUTITU NORTH,"17,006","1,495","11,064","3,279",783,280,32,,68,5
Male,"8,557",775,"5,479","1,655",418,174,11,,42,3
Female,"8,448",720,"5,584","1,624",365,106,21,,26,2
MUTOMO,"87,071","9,182","56,375","14,927","4,735","1,285",153,23,385,6
Male,"43,400","4,697","27,845","7,391","2,383",798,71,15,196,4
Female,"43,668","4,484","28,528","7,536","2,352",487,82,8,189,2
MWINGI CENTRAL,"86,387","8,287","51,768","18,571","4,938","2,298",125,11,374,15
Male,"42,345","4,157","25,320","9,062","2,244","1,300",63,5,190,4
Female,"44,042","4,130","26,448","9,509","2,694",998,62,6,184,11
MWINGI EAST,"64,565","6,680","42,938","10,938","2,588",855,96,,453,17
Male,"31,539","3,436","20,562","5,492","1,246",543,45,,211,4
Female,"33,022","3,243","22,374","5,445","1,342",312,51,,242,13
NZAMBANI,"38,625","3,490","23,131","8,678","2,249",918,47,2,110,
Male,"19,454","1,764","11,467","4,511","1,093",538,26,,55,
Female,"19,170","1,725","11,664","4,167","1,156",380,21,2,55,
THAGICU,"11,778","1,261","7,494","2,196",593,162,10,,62,
Male,"5,745",625,"3,618","1,065",286,108,3,,40,
Female,"6,032",636,"3,875","1,131",307,54,7,,22,
TSEIKURU,"30,246","3,207","20,184","4,958","1,291",392,58,,156,
Male,"15,036","1,616","9,740","2,613",691,267,35,,74,
Female,"15,210","1,591","10,444","2,345",600,125,23,,82,
MACHAKOS,"1,228,605","91,158","605,286","361,368","109,524","55,124","1,773",62,"4,111",199
Male,"621,093","46,744","302,447","183,086","54,430","31,211",660,31,"2,381",103
Female,"607,488","44,411","302,828","178,274","55,092","23,913","1,113",31,"1,730",96
ATHI RIVER,"282,339","20,829","95,474","96,691","39,028","28,854",173,9,"1,154",127
Male,"143,817","10,616","47,853","49,922","18,999","15,607",78,4,673,65
Female,"138,521","10,212","47,621","46,769","20,029","13,247",95,5,481,62
KALAMA,"45,900","3,813","24,465","13,378","2,881",972,209,2,179,1
Male,"22,978","1,953","12,067","6,709","1,458",613,78,,99,1
Female,"22,917","1,860","12,396","6,666","1,423",359,131,2,80,
KANGUNDO,"87,052","5,832","44,595","28,309","6,100","1,852",174,3,185,2
Male,"43,862","2,931","22,174","14,262","3,223","1,123",40,2,106,1
Female,"43,189","2,901","22,421","14,046","2,877",729,134,1,79,1
KATHIANI,"97,951","6,928","56,862","25,094","6,788","1,824",160,14,268,13
Male,"48,853","3,532","27,829","12,599","3,512","1,163",42,7,163,6
Female,"49,094","3,395","29,031","12,494","3,276",661,118,7,105,7
MACHAKOS,"149,046","10,245","65,980","44,609","18,823","8,621",172,4,577,15
Male,"75,155","5,216","33,357","22,422","8,912","4,850",56,2,331,9
Female,"73,885","5,028","32,622","22,185","9,909","3,771",116,2,246,6
MASINGA,"123,806","10,247","76,126","27,845","6,490","2,429",175,9,469,16
Male,"62,390","5,367","38,017","13,845","3,277","1,510",76,6,283,9
Female,"61,414","4,880","38,107","14,000","3,213",919,99,3,186,7
MATUNGULU,"141,017","10,550","72,865","42,643","10,665","3,773",171,5,337,8
Male,"71,601","5,348","36,816","21,647","5,383","2,149",59,3,194,2
Female,"69,413","5,202","36,047","20,995","5,282","1,624",112,2,143,6
MWALA,"157,089","11,830","87,664","44,077","9,373","3,439",299,14,382,11
Male,"79,772","6,186","43,918","22,419","4,773","2,133",125,6,204,8
Female,"77,316","5,644","43,745","21,658","4,600","1,306",174,8,178,3
YATTA,"144,405","10,884","81,255","38,722","9,376","3,360",240,2,560,6
Male,"72,665","5,595","40,416","19,261","4,893","2,063",106,1,328,2
Female,"71,739","5,289","40,838","19,461","4,483","1,297",134,1,232,4
MAKUENI,"837,302","62,293","470,465","224,876","53,683","21,686","1,266",56,"2,833",144
Male,"420,302","31,949","233,798","112,118","26,970","13,324",454,35,"1,592",62
Female,"416,985","30,343","236,658","112,756","26,711","8,361",812,21,"1,241",82
KATHONZWENI,"67,132","4,855","38,136","17,709","4,399","1,622",93,,314,4
Male,"33,684","2,461","19,002","8,785","2,222",994,33,,185,2
Female,"33,445","2,394","19,132","8,924","2,176",628,60,,129,2
KIBWEZI,"163,384","12,768","96,903","41,902","7,650","3,460",179,18,484,20
Male,"82,305","6,472","48,439","20,842","3,949","2,234",78,17,266,8
Female,"81,075","6,296","48,462","21,059","3,701","1,225",101,1,218,12
KILUNGU,"52,526","3,936","31,073","13,217","2,845","1,198",99,6,139,13
Male,"25,443","2,016","14,780","6,395","1,421",721,32,2,70,6
Female,"27,082","1,920","16,292","6,822","1,424",477,67,4,69,7
MAKINDU,"70,628","5,792","40,109","18,070","4,466","1,847",101,6,210,27
Male,"35,212","3,050","19,811","8,881","2,136","1,149",46,5,123,11
Female,"35,416","2,742","20,298","9,189","2,330",698,55,1,87,16
MAKUENI,"112,666","8,290","56,498","32,130","10,593","4,528",193,3,427,4
Male,"57,095","4,340","28,497","15,992","5,296","2,675",62,1,231,1
Female,"55,569","3,950","27,999","16,138","5,297","1,853",131,2,196,3
MBOONI EAST,"83,425","6,563","46,551","22,479","5,362","1,977",161,2,327,3
Male,"41,942","3,397","23,114","11,255","2,738","1,201",47,2,187,1
Female,"41,482","3,165","23,437","11,224","2,624",776,114,,140,2
MBOONI WEST,"88,610","6,583","49,956","24,025","5,494","1,958",197,4,385,8
Male,"43,407","3,321","24,198","11,693","2,724","1,178",64,2,224,3
Female,"45,202","3,262","25,758","12,332","2,769",780,133,2,161,5
MUKAA,"91,871","6,472","50,419","26,306","5,945","2,372",111,17,197,32
Male,"47,042","3,343","25,449","13,561","3,040","1,470",41,6,119,13
Female,"44,829","3,129","24,970","12,745","2,905",902,70,11,78,19
NZAUI,"107,060","7,034","60,820","29,038","6,929","2,724",132,,350,33
Male,"54,172","3,549","30,508","14,714","3,444","1,702",51,,187,17
Female,"52,885","3,485","30,310","14,323","3,485","1,022",81,,163,16
NYANDARUA,"554,036","43,508","301,284","164,196","30,742","12,937",532,23,748,66
Male,"277,223","22,368","150,491","80,434","15,445","7,877",134,5,437,32
Female,"276,797","21,139","150,783","83,758","15,297","5,060",398,18,311,33
KINANGOP,"96,274","7,168","53,501","28,593","4,898","1,964",55,2,77,16
Male,"47,838","3,637","26,664","13,876","2,394","1,196",13,,49,9
Female,"48,433","3,530","26,835","14,717","2,504",768,42,2,28,7
NYANDARUA SOUTH,"81,756","6,177","44,975","23,588","4,795","2,068",68,3,78,4
Male,"40,704","3,158","22,486","11,352","2,375","1,262",20,,49,2
Female,"41,049","3,019","22,488","12,234","2,420",806,48,3,29,2
MIRANGINE,"57,966","4,973","32,410","17,152","2,439",847,43,2,93,7
Male,"29,299","2,575","16,238","8,602","1,266",549,13,1,52,3
Female,"28,666","2,398","16,171","8,550","1,173",298,30,1,41,4
KIPIPIRI,"81,270","6,268","48,038","21,893","3,441","1,395",119,2,100,14
Male,"40,745","3,224","24,113","10,645","1,826",847,22,1,61,6
Female,"40,523","3,044","23,923","11,248","1,615",548,97,1,39,8
NYANDARUA CENTRAL,"64,926","5,257","33,104","19,970","4,425","1,993",44,1,123,9
Male,"32,684","2,780","16,581","9,871","2,155","1,205",14,,73,5
Female,"32,241","2,477","16,522","10,099","2,270",788,30,1,50,4
NYANDARUA WEST,"85,804","7,132","43,524","26,741","5,648","2,548",80,6,121,4
Male,"43,142","3,658","21,860","13,121","2,863","1,552",19,2,66,1
Female,"42,658","3,474","21,661","13,619","2,785",996,61,4,55,3
NYANDARUA NORTH,"86,026","6,533","45,728","26,252","5,093","2,122",123,7,156,12
Male,"42,801","3,336","22,547","12,962","2,563","1,266",33,1,87,6
Female,"43,223","3,197","23,181","13,289","2,530",856,90,6,69,5
ABERDARE NATIONAL PARK,14,,4,7,3,,,,,
Male,10,,2,5,3,,,,,
Female,4,,2,2,,,,,,
NYERI,"669,179","42,749","305,616","225,802","63,629","28,598",842,36,"1,860",47
Male,"333,191","21,741","151,861","111,521","30,309","16,500",189,10,"1,032",28
Female,"335,963","21,007","153,736","114,276","33,320","12,098",653,26,828,19
TETU,"71,556","4,784","33,509","24,666","6,171","2,129",131,5,159,2
Male,"35,587","2,397","16,680","12,179","3,022","1,182",27,1,98,1
Female,"35,967","2,387","16,828","12,486","3,149",947,104,4,61,1
KIENI EAST,"97,363","6,481","46,701","32,615","8,332","2,957",60,3,206,8
Male,"49,107","3,282","23,723","16,245","3,988","1,723",19,1,120,6
Female,"48,252","3,198","22,976","16,369","4,344","1,234",41,2,86,2
KIENI WEST,"77,958","5,296","40,576","24,877","5,079","1,824",91,4,206,5
Male,"39,101","2,753","20,179","12,401","2,551","1,061",21,2,130,3
Female,"38,852","2,543","20,392","12,476","2,528",763,70,2,76,2
MATHIRA EAST,"88,451","5,564","37,195","30,970","8,519","5,841",123,5,231,3
Male,"43,328","2,766","18,216","14,866","3,967","3,361",21,1,129,1
Female,"45,120","2,798","18,977","16,103","4,552","2,480",102,4,102,2
MATHIRA WEST,"53,736","3,195","25,885","18,448","4,442","1,512",106,8,132,8
Male,"26,800","1,659","12,881","9,143","2,180",840,28,1,65,3
Female,"26,933","1,536","13,002","9,304","2,262",672,78,7,67,5
NYERI SOUTH,"79,983","4,934","36,438","28,324","7,313","2,658",120,5,189,2
Male,"39,530","2,555","17,758","14,041","3,571","1,490",20,4,90,1
Female,"40,452","2,379","18,679","14,283","3,742","1,168",100,1,99,1
MUKURWE-INI,"77,621","4,694","40,843","24,123","5,533","2,049",112,4,259,4
Male,"39,162","2,377","20,208","12,270","2,888","1,248",30,,139,2
Female,"38,454","2,317","20,630","11,853","2,645",801,82,4,120,2
NYERI CENTRAL,"122,241","7,792","44,394","41,649","18,192","9,620",99,2,478,15
Male,"60,394","3,946","22,163","20,285","8,117","5,588",23,,261,11
Female,"61,845","3,846","22,230","21,363","10,075","4,032",76,2,217,4
MT. KENYA FOREST,174,7,65,71,29,2,,,,
Male,115,4,45,50,14,2,,,,
Female,59,3,20,21,15,,,,,
ABERDARE FOREST,96,2,10,59,19,6,,,,
Male,67,2,8,41,11,5,,,,
Female,29,,2,18,8,1,,,,
KIRINYAGA,"529,936","38,109","266,878","165,768","40,448","16,767",644,32,"1,253",37
Male,"266,723","19,338","134,107","82,240","20,104","9,948",179,15,771,21
Female,"263,187","18,770","132,753","83,522","20,344","6,818",465,17,482,16
KIRINYAGA CENTRAL,"106,657","7,360","49,373","34,003","10,569","4,888",142,3,316,3
Male,"53,267","3,745","24,749","16,562","5,112","2,869",32,1,195,2
Female,"53,386","3,615","24,621","17,440","5,457","2,019",110,2,121,1
KIRINYAGA EAST,"118,613","8,258","58,349","39,250","8,898","3,442",151,14,231,20
Male,"60,084","4,129","29,523","19,558","4,650","2,011",49,6,146,12
Female,"58,521","4,129","28,821","19,689","4,248","1,431",102,8,85,8
KIRINYAGA WEST,"100,427","7,001","50,304","31,789","7,851","3,101",157,5,216,3
Male,"50,206","3,568","24,980","15,688","3,961","1,833",38,5,131,2
Female,"50,218","3,433","25,321","16,101","3,890","1,268",119,,85,1
MWEA EAST,"112,975","8,538","58,254","34,327","8,007","3,399",118,7,316,9
Male,"56,761","4,357","29,490","16,847","3,782","2,046",42,2,190,5
Female,"56,208","4,181","28,759","17,480","4,225","1,352",76,5,126,4
MWEA WEST,"91,230","6,950","50,594","26,386","5,111","1,934",76,3,174,2
Male,"46,381","3,539","25,361","13,576","2,589","1,188",18,1,109,
Female,"44,844","3,410","25,231","12,808","2,522",746,58,2,65,2
MT. KENYA FOREST,34,2,4,13,12,3,,,,
Male,24,,4,9,10,1,,,,
Female,10,2,,4,2,2,,,,
MURANG'A,"911,765","62,067","495,697","270,364","57,479","23,058","1,101",49,"1,807",143
Male,"460,085","31,351","247,567","136,784","28,877","14,050",314,19,"1,050",73
Female,"451,651","30,711","248,116","133,575","28,599","9,007",787,30,756,70
MURANG'A EAST,"93,767","5,803","47,881","27,038","8,494","4,221",94,6,224,6
Male,"46,925","2,928","24,290","13,223","3,917","2,385",30,3,147,2
Female,"46,841","2,874","23,591","13,815","4,577","1,836",64,3,77,4
KANGEMA,"69,647","4,335","37,657","21,084","4,634","1,676",115,8,138,
Male,"35,032","2,176","18,675","10,639","2,374","1,056",37,2,73,
Female,"34,612","2,158","18,982","10,443","2,260",620,78,6,65,
MATHIOYA,"79,274","5,444","43,022","23,581","5,073","1,775",179,6,179,15
Male,"39,849","2,742","21,523","11,700","2,639","1,090",44,1,103,7
Female,"39,424","2,702","21,498","11,881","2,434",685,135,5,76,8
KAHURO,"76,930","4,757","42,158","23,524","4,507","1,658",110,6,202,8
Male,"38,565","2,400","20,735","11,936","2,325","1,037",20,,107,5
Female,"38,358","2,355","21,420","11,587","2,181",621,90,6,95,3
MURANG'A SOUTH,"159,238","11,101","88,008","45,583","9,888","4,210",154,5,262,27
Male,"80,265","5,640","43,931","23,000","4,889","2,594",50,3,144,14
Female,"78,968","5,460","44,075","22,583","4,997","1,616",104,2,118,13
GATANGA,"163,372","11,849","88,225","48,609","10,050","4,109",179,,322,29
Male,"83,337","5,996","44,343","25,220","5,065","2,453",56,,189,15
Female,"80,032","5,853","43,880","23,389","4,985","1,656",123,,132,14
KIGUMO,"118,165","7,859","65,984","35,244","6,309","2,407",129,11,193,29
Male,"59,748","4,020","32,959","17,757","3,297","1,544",33,6,116,16
Female,"58,414","3,839","33,023","17,487","3,012",862,96,5,77,13
KANDARA,"151,331","10,917","82,756","45,675","8,517","3,002",141,7,287,29
Male,"76,334","5,448","41,106","23,290","4,366","1,891",44,4,171,14
Female,"74,991","5,469","41,646","22,383","4,151","1,111",97,3,116,15
ABERDARE FOREST,41,2,6,26,7,,,,,
Male,30,1,5,19,5,,,,,
Female,11,1,1,7,2,,,,,
KIAMBU,"2,119,863","148,444","812,773","705,709","277,050","167,499","1,429",73,"6,363",523
Male,"1,044,944","75,078","398,130","349,177","125,787","92,275",473,29,"3,731",264
Female,"1,074,806","73,358","414,593","356,495","151,253","75,217",956,44,"2,631",259
GATUNDU NORTH,"95,276","6,851","48,696","31,117","6,302","1,868",109,1,315,17
Male,"47,898","3,452","24,145","15,752","3,229","1,095",28,,190,7
Female,"47,376","3,399","24,551","15,364","3,072",773,81,1,125,10
GATUNDU SOUTH,"105,449","6,824","52,985","35,025","7,883","2,255",121,3,311,42
Male,"53,333","3,484","26,317","17,946","4,006","1,340",40,2,181,17
Female,"52,112","3,339","26,667","17,077","3,877",915,81,1,130,25
GITHUNGURI,"144,873","9,403","65,945","51,914","13,188","4,014",122,8,260,19
Male,"72,888","4,771","33,148","26,245","6,264","2,265",31,2,152,10
Female,"71,978","4,632","32,793","25,666","6,924","1,749",91,6,108,9
JUJA,"265,949","19,634","92,175","86,366","40,240","26,351",166,11,931,75
Male,"131,199","9,959","44,768","42,333","17,898","15,566",70,6,560,39
Female,"134,731","9,675","47,400","44,026","22,338","10,784",96,5,371,36
KABETE,"176,713","11,750","63,178","59,559","25,710","15,827",106,5,535,43
Male,"86,641","5,926","30,846","29,456","11,615","8,447",34,2,296,19
Female,"90,058","5,823","32,328","30,095","14,095","7,379",72,3,239,24
KIAMBAA,"207,042","14,905","75,775","70,092","27,741","17,636",123,2,685,83
Male,"101,843","7,535","37,036","35,598","12,149","9,062",52,1,366,44
Female,"105,190","7,370","38,733","34,494","15,591","8,573",71,1,318,39
KIAMBU,"127,372","8,457","44,549","39,750","19,831","14,301",60,1,362,61
Male,"60,712","4,240","21,436","18,870","8,586","7,316",24,1,207,32
Female,"66,647","4,216","23,108","20,874","11,244","6,985",36,,155,29
KIKUYU,"165,020","11,625","60,304","50,153","24,176","18,175",107,,465,15
Male,"80,241","5,880","29,478","24,269","10,754","9,550",27,,276,7
Female,"84,775","5,744","30,823","25,884","13,422","8,625",80,,189,8
LARI,"117,345","7,773","59,151","37,986","9,028","3,013",131,6,249,8
Male,"58,938","3,959","29,369","19,200","4,489","1,714",46,,158,3
Female,"58,405","3,813","29,781","18,786","4,539","1,299",85,6,91,5
LIMURU,"138,940","10,024","62,143","46,147","14,030","6,046",152,6,368,24
Male,"70,268","5,073","31,487","23,730","6,429","3,286",33,2,213,15
Female,"68,672","4,951","30,656","22,417","7,601","2,760",119,4,155,9
RUIRU,"327,537","23,638","103,475","114,502","48,767","35,737",123,16,"1,201",78
Male,"159,022","11,900","48,882","55,267","22,178","19,941",44,6,761,43
Female,"168,496","11,735","54,586","59,229","26,588","15,794",79,10,440,35
THIKA EAST,"33,778","2,425","16,288","10,889","3,089",989,23,1,67,7
Male,"17,320","1,209","8,239","5,739","1,505",575,9,,42,2
Female,"16,454","1,216","8,047","5,148","1,584",414,14,1,25,5
THIKA WEST,"214,569","15,135","68,109","72,209","37,065","21,287",86,13,614,51
Male,"104,641","7,690","32,979","34,772","16,685","12,118",35,7,329,26
Female,"109,912","7,445","35,120","37,435","20,378","9,167",51,6,285,25
TURKANA,"246,743","41,718","132,009","51,762","12,542","5,601",994,185,"1,214",718
Male,"134,242","20,807","67,873","31,963","7,798","4,120",536,103,681,361
Female,"112,498","20,910","64,135","19,799","4,744","1,481",458,82,532,357
KIBISH,"3,169",559,"1,816",570,120,56,21,,27,
Male,"1,902",296,"1,032",409,90,45,9,,21,
Female,"1,266",262,784,161,30,11,12,,6,
LOIMA,"17,434","4,676","9,218","2,267",462,148,103,,450,110
Male,"9,108","2,321","4,588","1,428",307,120,66,,221,57
Female,"8,326","2,355","4,630",839,155,28,37,,229,53
TURKANA CENTRAL,"81,517","13,339","40,452","18,560","5,779","2,895",239,2,195,56
Male,"42,842","6,598","20,122","10,577","3,200","2,054",144,2,116,29
Female,"38,675","6,741","20,330","7,983","2,579",841,95,,79,27
TURKANA EAST,"20,823","2,574","10,877","5,318","1,305",390,90,,118,151
Male,"11,534","1,340","5,667","3,149",871,305,57,,59,86
Female,"9,289","1,234","5,210","2,169",434,85,33,,59,65
TURKANA NORTH,"11,892","3,146","6,178","1,756",497,185,77,,49,4
Male,"6,748","1,597","3,386","1,190",350,152,44,,27,2
Female,"5,144","1,549","2,792",566,147,33,33,,22,2
TURKANA SOUTH,"41,268","6,892","22,669","8,644","1,960",748,152,7,111,85
Male,"21,587","3,340","10,996","5,196","1,293",569,72,4,77,40
Female,"19,679","3,552","11,672","3,448",667,179,80,3,33,45
TURKANA WEST,"70,640","10,532","40,799","14,647","2,419","1,179",312,176,264,312
Male,"40,521","5,315","22,082","10,014","1,687",875,144,97,160,147
Female,"30,119","5,217","18,717","4,633",732,304,168,79,104,165
WEST POKOT,"328,752","53,755","191,621","60,239","14,323","7,316",576,12,807,103
Male,"168,629","27,178","95,148","33,544","7,322","4,628",306,5,450,48
Female,"160,116","26,577","96,466","26,695","7,001","2,688",270,7,357,55
KIPKOMO,"67,450","10,567","41,009","11,487","2,857","1,276",121,1,132,
Male,"34,453","5,332","20,416","6,344","1,411",811,68,1,70,
Female,"32,993","5,235","20,589","5,143","1,446",465,53,,62,
POKOT CENTRAL,"58,170","10,247","37,668","7,820","1,684",577,77,,79,18
Male,"30,580","5,197","19,297","4,572","1,028",401,37,,41,7
Female,"27,589","5,050","18,370","3,248",656,176,40,,38,11
POKOT NORTH,"33,944","6,887","19,518","5,525","1,259",571,50,1,75,58
Male,"17,446","3,408","9,399","3,359",777,405,29,1,43,25
Female,"16,498","3,479","10,119","2,166",482,166,21,,32,33
POKOT SOUTH,"56,673","9,363","32,833","10,627","2,569","1,060",98,,123,
Male,"28,727","4,787","16,105","5,726","1,280",707,44,,78,
Female,"27,944","4,576","16,726","4,901","1,289",353,54,,45,
WEST POKOT,"112,515","16,691","60,593","24,780","5,954","3,832",230,10,398,27
Male,"57,423","8,454","29,931","13,543","2,826","2,304",128,3,218,16
Female,"55,092","8,237","30,662","11,237","3,128","1,528",102,7,180,11
SAMBURU,"120,230","22,669","62,566","24,559","6,646","3,176",206,6,374,28
Male,"65,075","11,765","32,084","14,615","4,033","2,232",109,1,224,12
Female,"55,154","10,903","30,482","9,944","2,613",944,97,5,150,16
SAMBURU CENTRAL,"77,389","14,088","40,849","15,661","4,139","2,283",98,3,248,20
Male,"41,684","7,308","21,004","9,214","2,389","1,568",50,1,141,9
Female,"35,705","6,780","19,845","6,447","1,750",715,48,2,107,11
SAMBURU EAST,"25,288","4,626","12,940","5,372","1,648",540,56,1,104,1
Male,"13,688","2,406","6,583","3,184","1,023",387,34,,71,
Female,"11,600","2,220","6,357","2,188",625,153,22,1,33,1
SAMBURU NORTH,"17,553","3,955","8,777","3,526",859,353,52,2,22,7
Male,"9,703","2,051","4,497","2,217",621,277,25,,12,3
Female,"7,849","1,903","4,280","1,309",238,76,27,2,10,4
TRANS NZOIA,"807,667","87,613","442,031","210,611","41,453","23,182",714,21,"1,974",68
Male,"400,680","44,210","217,139","104,170","19,556","14,048",348,6,"1,171",32
Female,"406,969","43,402","224,879","106,438","21,896","9,134",366,15,803,36
TRANS NZOIA WEST,"165,100","16,827","89,901","45,109","8,591","4,090",68,3,475,36
Male,"82,214","8,528","43,847","22,764","4,191","2,548",31,,288,17
Female,"82,883","8,299","46,052","22,344","4,400","1,542",37,3,187,19
TRANS NZOIA EAST,"187,681","18,385","104,377","49,646","9,357","5,238",158,5,503,12
Male,"93,324","9,324","51,445","24,619","4,386","3,180",71,3,292,4
Female,"94,351","9,060","52,927","25,027","4,971","2,058",87,2,211,8
KWANZA,"163,735","20,114","89,996","41,064","7,789","4,069",252,6,437,8
Male,"81,182","10,090","44,434","20,031","3,711","2,536",127,1,247,5
Female,"82,550","10,024","45,561","21,032","4,077","1,533",125,5,190,3
ENDEBESS,"87,680","11,639","53,902","18,428","2,362","1,110",86,2,149,2
Male,"44,520","5,889","26,680","9,794","1,248",767,48,1,92,1
Female,"43,157","5,750","27,219","8,634","1,114",343,38,1,57,1
KIMININI,"203,471","20,648","103,855","56,364","13,354","8,675",150,5,410,10
Male,"99,440","10,379","50,733","26,962","6,020","5,017",71,1,252,5
Female,"104,028","10,269","53,120","29,401","7,334","3,658",79,4,158,5
UASIN GISHU,"982,670","88,562","449,736","285,461","97,036","58,417",827,86,"2,406",139
Male,"491,510","45,436","225,336","143,657","43,828","31,355",398,43,"1,388",69
Female,"491,139","43,124","224,395","141,797","53,205","27,059",429,43,"1,017",70
AINABKOI,"117,289","10,173","52,095","33,834","12,273","8,560",104,6,233,11
Male,"58,348","5,223","26,330","16,786","5,476","4,344",49,1,134,5
Female,"58,941","4,950","25,765","17,048","6,797","4,216",55,5,99,6
KAPSERET,"171,715","13,460","69,210","51,964","22,869","13,562",99,8,495,48
Male,"86,038","6,844","34,731","26,458","10,570","7,075",44,6,287,23
Female,"85,673","6,616","34,478","25,504","12,298","6,487",55,2,208,25
KESSES,"125,458","11,840","62,938","33,768","10,115","6,462",117,13,192,13
Male,"63,271","6,192","31,867","16,967","4,564","3,511",53,7,103,7
Female,"62,184","5,648","31,070","16,801","5,550","2,950",64,6,89,6
MOIBEN,"152,275","12,811","65,859","44,576","16,616","11,895",131,7,365,15
Male,"75,484","6,535","33,072","22,114","7,112","6,371",62,5,207,6
Female,"76,789","6,276","32,785","22,462","9,504","5,524",69,2,158,9
SOY,"192,028","19,191","98,732","52,394","13,743","7,309",184,4,444,27
Male,"96,177","9,890","49,523","26,077","6,200","4,126",86,2,256,17
Female,"95,846","9,300","49,209","26,316","7,542","3,182",98,2,187,10
TURBO,"223,905","21,087","100,902","68,925","21,420","10,629",192,48,677,25
Male,"112,192","10,752","49,813","35,255","9,906","5,928",104,22,401,11
Female,"111,706","10,334","51,088","33,666","11,514","4,700",88,26,276,14
ELGEYO/MARAKWET,"363,177","42,229","198,277","89,263","22,266","9,792",356,12,920,62
Male,"183,740","21,651","98,988","46,152","10,688","5,498",191,8,534,30
Female,"179,428","20,578","99,284","43,109","11,577","4,293",165,4,386,32
KEIYO NORTH,"83,235","8,395","42,120","22,653","6,693","3,104",65,8,182,15
Male,"41,815","4,370","21,295","11,372","2,990","1,632",36,4,110,6
Female,"41,419","4,025","20,824","11,281","3,703","1,472",29,4,72,9
KEIYO SOUTH,"100,537","10,062","54,311","26,230","6,752","2,704",105,3,350,20
Male,"51,261","5,207","27,675","13,410","3,298","1,401",55,3,203,9
Female,"49,273","4,855","26,636","12,819","3,453","1,302",50,,147,11
MARAKWET EAST,"70,984","11,124","40,758","14,495","2,962","1,381",92,1,170,1
Male,"35,834","5,699","19,615","7,976","1,517",883,44,1,98,1
Female,"35,149","5,425","21,142","6,519","1,445",498,48,,72,
MARAKWET WEST,"108,421","12,648","61,088","25,885","5,859","2,603",94,,218,26
Male,"54,830","6,375","30,403","13,394","2,883","1,582",56,,123,14
Female,"53,587","6,273","30,682","12,490","2,976","1,021",38,,95,12
NANDI,"744,256","78,896","418,603","175,384","46,798","21,744",998,53,"1,700",80
Male,"373,405","40,217","208,438","88,559","22,123","12,509",505,26,980,48
Female,"370,835","38,677","210,152","86,824","24,675","9,235",493,27,720,32
CHESUMEI,"140,057","12,606","74,218","35,932","10,789","6,075",124,8,301,4
Male,"69,601","6,402","36,893","17,794","4,899","3,360",73,3,174,3
Female,"70,453","6,203","37,323","18,138","5,890","2,715",51,5,127,1
NANDI CENTRAL,"123,620","13,020","68,222","29,596","8,138","4,133",283,5,223,
Male,"61,703","6,591","34,005","14,738","3,732","2,371",135,4,127,
Female,"61,913","6,429","34,214","14,857","4,406","1,762",148,1,96,
NANDI EAST,"101,090","11,255","55,974","23,706","6,871","2,923",103,6,209,43
Male,"51,192","5,727","28,018","12,257","3,315","1,669",49,3,131,23
Female,"49,896","5,528","27,954","11,449","3,556","1,254",54,3,78,20
NANDI NORTH,"138,862","14,214","79,431","33,160","7,896","3,607",139,18,383,14
Male,"69,415","7,283","39,345","16,726","3,689","2,057",66,11,229,9
Female,"69,444","6,931","40,083","16,434","4,207","1,550",73,7,154,5
NANDI SOUTH,"145,263","16,794","82,673","33,495","8,425","3,211",247,15,395,8
Male,"72,624","8,541","41,130","16,553","4,129","1,927",127,5,208,4
Female,"72,636","8,253","41,540","16,942","4,296","1,284",120,10,187,4
TINDERET,"95,364","11,007","58,085","19,495","4,679","1,795",102,1,189,11
Male,"48,870","5,673","29,047","10,491","2,359","1,125",55,,111,9
Female,"46,493","5,333","29,038","9,004","2,320",670,47,1,78,2
BARINGO,"445,727","50,032","229,993","114,769","33,737","15,116",695,32,"1,309",44
Male,"227,913","25,985","116,074","59,759","16,186","8,808",345,10,728,18
Female,"217,804","24,045","113,915","55,007","17,550","6,308",350,22,581,26
BARINGO CENTRAL,"81,414","7,061","37,858","23,054","8,949","4,146",95,20,230,1
Male,"40,778","3,672","18,903","11,590","4,128","2,314",35,8,128,
Female,"40,636","3,389","18,955","11,464","4,821","1,832",60,12,102,1
BARINGO NORTH,"82,312","8,971","44,840","20,027","5,882","2,180",111,2,296,3
Male,"42,037","4,704","22,507","10,257","3,014","1,342",51,,161,1
Female,"40,273","4,267","22,331","9,770","2,868",838,60,2,135,2
EAST POKOT,"15,563","3,044","8,109","3,098",773,382,56,,96,5
Male,"8,572","1,609","4,288","1,867",458,261,36,,51,2
Female,"6,990","1,434","3,821","1,231",315,121,20,,45,3
KOIBATEK,"111,168","10,459","56,138","31,628","8,522","4,019",121,7,266,8
Male,"56,265","5,381","28,423","16,162","3,848","2,226",70,1,151,3
Female,"54,901","5,078","27,714","15,465","4,674","1,793",51,6,115,5
MARIGAT,"66,652","9,183","36,961","15,363","3,424","1,522",82,,107,10
Male,"34,272","4,743","18,290","8,421","1,731",992,31,,58,6
Female,"32,377","4,440","18,670","6,941","1,692",530,51,,49,4
MOGOTIO,"72,874","8,271","37,666","18,781","5,349","2,481",129,3,193,1
Male,"37,248","4,292","19,204","9,699","2,466","1,399",69,1,117,1
Female,"35,624","3,978","18,462","9,081","2,883","1,082",60,2,76,
TIATY EAST,"15,744","3,043","8,421","2,818",838,386,101,,121,16
Male,"8,741","1,584","4,459","1,763",541,274,53,,62,5
Female,"7,003","1,459","3,962","1,055",297,112,48,,59,11
LAIKIPIA,"396,236","36,425","200,615","117,067","26,963","13,492",425,13,"1,198",38
Male,"201,391","18,677","101,040","59,634","13,289","7,864",152,8,708,19
Female,"194,837","17,746","99,571","57,431","13,674","5,628",273,5,490,19
LAIKIPIA CENTRAL,"82,872","5,892","41,152","26,698","6,443","2,354",83,2,236,12
Male,"41,828","3,049","20,788","13,354","3,115","1,366",20,,134,2
Female,"41,044","2,843","20,364","13,344","3,328",988,63,2,102,10
LAIKIPIA EAST,"81,439","6,457","36,720","26,828","7,713","3,406",87,6,215,7
Male,"41,595","3,278","18,359","14,100","3,748","1,925",30,5,144,6
Female,"39,839","3,178","18,358","12,727","3,965","1,481",57,1,71,1
LAIKIPIA NORTH,"16,261","3,407","9,262","2,788",496,200,66,1,40,1
Male,"8,901","1,751","4,990","1,661",304,143,23,,29,
Female,"7,360","1,656","4,272","1,127",192,57,43,1,11,1
LAIKIPIA WEST,"85,629","9,734","48,330","21,984","3,577","1,527",95,,366,16
Male,"44,371","5,031","24,681","11,533","1,928",952,43,,192,11
Female,"41,257","4,703","23,648","10,451","1,649",575,52,,174,5
NYAHURURU,"130,035","10,935","65,151","38,769","8,734","6,005",94,4,341,2
Male,"64,696","5,568","32,222","18,986","4,194","3,478",36,3,209,
Female,"65,337","5,366","32,929","19,782","4,540","2,527",58,1,132,2
NAKURU,"1,817,950","165,969","892,213","544,797","137,959","70,666","1,091",117,"4,819",319
Male,"910,222","84,772","440,076","276,540","64,284","41,122",436,54,"2,774",164
Female,"907,648","81,193","452,101","268,226","73,671","29,540",655,63,"2,044",155
GILGIL,"155,494","13,862","74,320","51,339","10,800","4,615",135,15,378,30
Male,"78,968","7,035","36,826","27,158","5,033","2,617",49,7,226,17
Female,"76,519","6,827","37,491","24,177","5,767","1,998",86,8,152,13
KURESOI NORTH,"144,244","16,313","87,925","32,843","4,693","2,077",87,2,285,19
Male,"72,651","8,337","43,337","16,955","2,472","1,348",40,2,151,9
Female,"71,590","7,976","44,587","15,886","2,221",729,47,,134,10
KURESOI SOUTH,"127,475","13,592","75,950","28,992","5,678","2,884",60,7,310,2
Male,"64,618","7,027","37,477","15,120","2,926","1,844",30,1,192,1
Female,"62,855","6,565","38,471","13,872","2,752","1,040",30,6,118,1
MOLO,"132,470","12,116","72,277","37,667","6,567","3,361",61,3,413,5
Male,"66,760","6,115","36,034","19,084","3,225","2,029",25,2,244,2
Female,"65,705","6,000","36,242","18,580","3,342","1,332",36,1,169,3
NAIVASHA,"295,597","24,961","137,272","99,282","23,947","9,108",149,8,803,67
Male,"148,476","12,735","67,342","50,658","11,770","5,400",60,5,472,34
Female,"147,096","12,226","69,918","48,614","12,177","3,706",89,3,330,33
NAKURU EAST,"167,180","12,401","57,447","56,904","25,477","14,129",62,37,666,57
Male,"79,609","6,267","27,038","27,538","10,637","7,684",24,18,371,32
Female,"87,563","6,134","30,404","29,364","14,840","6,444",38,19,295,25
NAKURU NORTH,"186,999","15,923","85,305","59,588","17,205","8,278",129,4,506,61
Male,"91,722","8,102","41,877","28,974","7,524","4,879",45,1,286,34
Female,"95,263","7,820","43,421","30,609","9,680","3,399",84,3,220,27
NAKURU WEST,"167,901","13,476","64,886","61,362","18,423","9,132",54,24,538,6
Male,"85,621","6,798","32,454","32,114","8,614","5,281",19,12,326,3
Female,"82,272","6,677","32,431","29,244","9,807","3,851",35,12,212,3
NJORO,"201,002","21,710","115,354","48,720","8,503","6,160",117,7,407,24
Male,"100,999","11,077","57,107","24,543","4,196","3,817",44,1,205,9
Female,"100,000","10,633","58,246","24,176","4,307","2,342",73,6,202,15
RONGAI,"167,895","15,226","80,640","48,468","13,504","9,495",147,4,388,23
Male,"84,779","7,975","40,365","24,555","6,259","5,319",67,1,227,11
Female,"83,112","7,250","40,273","23,913","7,244","4,176",80,3,161,12
SUBUKIA,"71,693","6,389","40,837","19,632","3,162","1,427",90,6,125,25
Male,"36,019","3,304","20,219","9,841","1,628",904,33,4,74,12
Female,"35,673","3,085","20,617","9,791","1,534",523,57,2,51,13
NAROK,"750,610","116,862","438,274","145,297","32,210","14,935",766,46,"2,034",186
Male,"385,487","59,248","218,490","79,386","17,001","9,661",415,31,"1,145",110
Female,"365,113","57,612","219,781","65,908","15,208","5,273",351,15,889,76
NAROK EAST,"69,566","10,853","40,839","13,808","2,709",998,46,,306,7
Male,"36,269","5,596","20,786","7,539","1,456",712,19,,157,4
Female,"33,297","5,257","20,053","6,269","1,253",286,27,,149,3
NAROK NORTH,"171,884","22,770","90,611","40,928","10,713","6,066",129,34,577,56
Male,"88,857","11,581","46,203","21,834","5,139","3,625",72,25,343,35
Female,"83,021","11,187","44,407","19,092","5,573","2,441",57,9,234,21
NAROKSOUTH,"142,614","23,496","87,676","24,233","4,751","1,995",184,4,249,26
Male,"73,278","11,915","43,719","13,454","2,579","1,344",114,2,136,15
Female,"69,335","11,581","43,957","10,778","2,172",651,70,2,113,11
NAROK WEST,"107,281","18,504","65,510","17,319","3,819","1,716",96,1,282,34
Male,"55,867","9,438","33,060","9,775","2,166","1,196",51,,159,22
Female,"51,413","9,066","32,450","7,544","1,653",519,45,1,123,12
TRANS MARA EAST,"83,904","12,981","53,926","12,572","2,802","1,287",149,6,163,18
Male,"41,905","6,528","25,865","6,866","1,575",887,70,3,100,11
Female,"41,998","6,453","28,060","5,706","1,227",400,79,3,63,7
TRANS MARA WEST,"175,329","28,258","99,711","36,415","7,409","2,871",162,1,457,45
Male,"89,283","14,190","48,856","19,899","4,079","1,896",89,1,250,23
Female,"86,045","14,068","50,854","16,516","3,330",975,73,,207,22
MAU FOREST,32,,1,22,7,2,,,,
Male,28,,1,19,7,1,,,,
Female,4,,,3,,1,,,,
KAJIADO,"820,583","88,617","343,940","237,996","87,715","57,461",648,122,"3,755",329
Male,"414,248","45,066","171,216","121,045","41,582","32,653",303,56,"2,187",140
Female,"406,310","43,549","172,713","116,946","46,130","24,804",345,66,"1,568",189
ISINYA,"175,419","14,623","58,753","62,569","23,563","14,237",117,9,"1,382",166
Male,"87,444","7,310","28,997","31,175","10,995","8,062",53,6,775,71
Female,"87,970","7,313","29,754","31,392","12,568","6,174",64,3,607,95
KAJIADO CENTRAL,"100,957","16,044","50,660","23,628","7,145","2,804",112,76,476,12
Male,"52,946","8,151","25,945","12,944","3,773","1,757",60,31,284,1
Female,"48,010","7,893","24,714","10,684","3,372","1,047",52,45,192,11
KAJIADO NORTH,"269,219","19,804","90,465","85,633","39,009","32,968",122,28,"1,107",83
Male,"131,968","9,941","43,610","41,972","17,487","18,208",53,12,648,37
Female,"137,240","9,863","46,851","43,660","21,519","14,757",69,16,459,46
KAJIADO WEST,"110,635","15,885","53,350","28,077","8,559","4,284",89,1,349,41
Male,"57,365","8,195","27,012","14,998","4,275","2,602",46,1,220,16
Female,"53,266","7,690","26,335","13,078","4,284","1,682",43,,129,25
LOITOKITOK,"117,737","16,673","67,993","24,784","5,900","1,930",140,4,290,23
Male,"60,277","8,572","33,974","13,009","3,194","1,277",56,4,177,14
Female,"57,457","8,100","34,018","11,774","2,706",653,84,,113,9
MASHUURU,"46,616","5,588","22,719","13,305","3,539","1,238",68,4,151,4
Male,"24,248","2,897","11,678","6,947","1,858",747,35,2,83,1
Female,"22,367","2,690","11,041","6,358","1,681",491,33,2,68,3
KERICHO,"761,280","70,704","410,824","196,189","53,574","27,677",595,39,"1,458",220
Male,"383,958","35,928","202,068","101,496","27,042","16,158",277,19,860,110
Female,"377,298","34,774","208,741","94,687","26,531","11,519",318,20,598,110
BELGUT,"126,487","9,369","66,008","35,214","10,321","5,305",60,1,195,14
Male,"63,851","4,765","32,345","18,334","5,291","2,973",29,,106,8
Female,"62,636","4,604","33,663","16,880","5,030","2,332",31,1,89,6
BURETI,"170,168","15,500","87,962","47,182","12,514","6,511",124,8,350,17
Male,"84,965","7,824","42,976","23,746","6,315","3,821",51,2,221,9
Female,"85,199","7,676","44,982","23,436","6,199","2,690",73,6,129,8
KERICHO EAST,"144,922","11,982","72,304","39,642","12,822","7,681",136,14,269,72
Male,"73,884","6,106","36,215","20,741","6,151","4,420",59,9,147,36
Female,"71,032","5,876","36,084","18,900","6,671","3,261",77,5,122,36
KIPKELION,"99,231","12,523","57,641","21,900","4,611","2,158",76,6,253,63
Male,"50,186","6,312","28,303","11,502","2,465","1,382",40,4,144,34
Female,"49,042","6,211","29,337","10,396","2,146",776,36,2,109,29
LONDIANI,"115,539","11,071","65,044","29,264","6,653","3,172",114,2,184,35
Male,"58,013","5,593","32,001","15,035","3,319","1,877",50,1,122,15
Female,"57,516","5,476","33,038","14,226","3,334","1,295",64,1,62,20
SOIN SIGOWET,"104,933","10,259","61,865","22,987","6,653","2,850",85,8,207,19
Male,"53,059","5,328","30,228","12,138","3,501","1,685",48,3,120,8
Female,"51,873","4,931","31,637","10,849","3,151","1,165",37,5,87,11
BOMET,"730,765","71,308","414,383","171,667","47,835","23,397",529,31,"1,539",76
Male,"367,044","36,545","199,916","90,261","24,831","14,290",242,12,906,41
Female,"363,704","34,761","214,454","81,405","23,003","9,107",287,19,633,35
BOMET EAST,"116,913","12,433","70,478","24,170","6,459","2,948",72,6,322,25
Male,"58,544","6,467","33,547","12,986","3,383","1,928",39,3,177,14
Female,"58,364","5,965","36,927","11,184","3,076","1,020",33,3,145,11
CHEPALUNGU,"134,977","14,101","82,501","26,961","7,371","3,700",94,2,239,8
Male,"66,615","7,136","38,734","14,288","3,898","2,357",48,2,148,4
Female,"68,359","6,965","43,764","12,673","3,473","1,343",46,,91,4
KONOIN,"139,219","13,098","76,581","35,696","8,975","4,427",136,3,291,12
Male,"71,443","6,785","38,136","18,895","4,712","2,681",54,3,169,8
Female,"67,773","6,313","38,442","16,801","4,263","1,746",82,,122,4
SOTIK,"191,969","18,622","104,729","47,731","13,510","6,818",158,15,374,12
Male,"95,879","9,491","50,501","24,508","6,947","4,122",67,4,234,5
Female,"96,087","9,130","54,227","23,222","6,563","2,696",91,11,140,7
BOMET CENTRAL,"147,687","13,054","80,094","37,109","11,520","5,504",69,5,313,19
Male,"74,563","6,666","38,998","19,584","5,891","3,202",34,,178,10
Female,"73,121","6,388","41,094","17,525","5,628","2,302",35,5,135,9
KAKAMEGA,"1,540,079","170,737","892,772","354,957","76,987","39,095","1,693",66,"3,392",380
Male,"748,263","86,787","431,754","166,014","37,356","23,343",865,38,"1,937",169
Female,"791,786","83,944","460,999","188,941","39,629","15,752",828,28,"1,454",211
BUTERE,"125,735","14,775","76,588","26,572","5,239","2,173",147,11,218,12
Male,"61,302","7,497","37,014","12,522","2,696","1,350",86,7,124,6
Female,"64,431","7,278","39,572","14,050","2,543",823,61,4,94,6
KAKAMEGA CENTRAL,"160,124","15,235","74,844","41,487","15,015","12,889",149,5,458,42
Male,"78,850","7,791","36,871","19,705","6,862","7,250",73,4,278,16
Female,"81,272","7,443","37,972","21,782","8,153","5,639",76,1,180,26
KAKAMEGA EAST,"137,680","14,486","84,022","29,682","6,529","2,384",125,5,288,159
Male,"67,017","7,498","40,872","13,627","3,301","1,413",61,3,173,69
Female,"70,660","6,988","43,149","16,054","3,227",971,64,2,115,90
KAKAMEGA NORTH,"200,695","23,852","114,594","48,288","9,683","3,609",223,6,396,44
Male,"97,982","12,020","55,831","22,772","4,787","2,204",118,5,225,20
Female,"102,708","11,830","58,760","25,516","4,896","1,405",105,1,171,24
KAKAMEGA SOUTH,"92,328","9,883","55,009","20,635","4,788","1,722",93,11,170,17
Male,"44,571","5,094","26,511","9,422","2,340","1,044",49,6,96,9
Female,"47,757","4,789","28,498","11,213","2,448",678,44,5,74,8
KHWISERO,"94,315","9,668","59,356","20,144","3,409","1,440",133,4,151,10
Male,"45,348","4,913","28,430","9,157","1,763",935,63,1,82,4
Female,"48,964","4,754","30,924","10,987","1,646",505,70,3,69,6
LIKUYANI,"126,184","13,360","69,241","33,791","6,013","3,033",265,3,464,14
Male,"61,457","6,769","33,904","15,753","2,837","1,804",126,,254,10
Female,"64,725","6,591","35,336","18,038","3,175","1,229",139,3,210,4
LUGARI,"103,752","10,551","57,008","28,265","5,438","2,088",153,3,239,7
Male,"50,314","5,297","27,827","13,183","2,562","1,228",69,1,144,3
Female,"53,438","5,254","29,181","15,082","2,876",860,84,2,95,4
MATETE,"53,800","5,985","31,161","13,232","2,340",901,37,1,143,
Male,"26,058","3,060","15,091","6,096","1,141",568,18,,84,
Female,"27,742","2,925","16,070","7,136","1,199",333,19,1,59,
MATUNGU,"129,809","15,960","81,579","25,445","4,415","2,069",65,6,249,21
Male,"62,646","8,045","38,920","12,033","2,127","1,331",35,6,138,11
Female,"67,160","7,914","42,657","13,412","2,288",738,30,,111,10
MUMIAS EAST,"95,765","11,045","57,663","20,068","4,471","2,239",89,2,183,5
Male,"46,604","5,652","27,686","9,496","2,204","1,418",49,1,96,2
Female,"49,158","5,393","29,974","10,572","2,267",821,40,1,87,3
MUMIAS WEST,"93,820","11,028","54,039","21,043","4,733","2,687",88,7,168,27
Male,"45,482","5,621","25,884","10,046","2,195","1,587",46,4,88,11
Female,"48,337","5,407","28,154","10,997","2,538","1,100",42,3,80,16
NAVAKHOLO,"126,072","14,909","77,668","26,305","4,914","1,861",126,2,265,22
Male,"60,632","7,530","36,913","12,202","2,541","1,211",72,,155,8
Female,"65,434","7,378","40,752","14,102","2,373",650,54,2,109,14
VIHIGA,"502,269","48,295","290,517","122,310","27,248","11,873",680,32,"1,219",95
Male,"243,452","24,362","140,597","56,956","13,357","7,162",260,17,689,52
Female,"258,808","23,932","149,915","65,353","13,889","4,711",420,15,530,43
EMUHAYA,"81,673","8,675","50,031","17,847","3,451","1,384",73,2,192,18
Male,"39,406","4,413","24,051","8,161","1,761",868,35,1,106,10
Female,"42,266","4,262","25,979","9,686","1,690",516,38,1,86,8
VIHIGA,"82,039","7,295","45,160","21,673","5,347","2,208",121,5,204,26
Male,"39,569","3,712","21,674","10,086","2,599","1,331",43,2,105,17
Female,"42,468","3,583","23,485","11,587","2,747",877,78,3,99,9
SABATIA,"113,939","9,478","64,110","29,904","6,981","3,025",151,10,265,15
Male,"54,898","4,748","30,758","14,039","3,350","1,787",47,3,160,6
Female,"59,040","4,729","33,352","15,865","3,631","1,238",104,7,105,9
LUANDA,"89,866","9,852","51,672","21,129","4,720","2,144",111,4,207,27
Male,"43,850","4,962","25,165","9,854","2,377","1,303",46,4,125,14
Female,"46,014","4,890","26,506","11,274","2,343",841,65,,82,13
HAMISI,"134,736","12,995","79,542","31,746","6,746","3,112",224,11,351,9
Male,"65,717","6,527","38,948","14,807","3,268","1,873",89,7,193,5
Female,"69,016","6,468","40,592","16,939","3,477","1,239",135,4,158,4
KAKAMEGA FOREST,16,,2,11,3,,,,,
Male,12,,1,9,2,,,,,
Female,4,,1,2,1,,,,,
BUNGOMA,"1,371,156","153,039","750,369","351,354","76,018","35,503","1,308",53,"3,372",140
Male,"670,362","77,134","361,719","169,717","37,369","21,776",630,28,"1,915",74
Female,"700,766","75,901","388,635","181,629","38,648","13,727",678,25,"1,457",66
BUMULA,"172,337","20,821","104,682","36,853","6,993","2,512",152,12,310,2
Male,"83,438","10,378","49,936","17,631","3,575","1,640",89,5,182,2
Female,"88,898","10,443","54,745","19,222","3,418",872,63,7,128,
BUNGOMA CENTRAL,"147,962","16,044","80,131","39,570","8,338","3,118",122,7,628,4
Male,"72,091","8,086","38,477","18,794","4,259","2,078",57,3,334,3
Female,"75,866","7,958","41,652","20,774","4,078","1,040",65,4,294,1
BUNGOMA EAST,"97,994","10,884","51,264","27,493","5,526","2,475",69,3,258,22
Male,"47,819","5,479","24,880","13,160","2,640","1,463",31,2,153,11
Female,"50,173","5,405","26,384","14,331","2,886","1,012",38,1,105,11
BUNGOMA NORTH,"102,879","10,241","55,551","28,452","5,792","2,562",79,1,187,14
Male,"49,950","5,250","26,826","13,267","2,859","1,602",27,,112,7
Female,"52,928","4,991","28,725","15,184","2,933",960,52,1,75,7
BUNGOMA SOUTH,"232,497","25,456","111,125","63,558","19,049","12,311",284,4,696,14
Male,"113,113","12,706","53,525","30,303","8,802","7,232",146,3,391,5
Female,"119,380","12,750","57,597","33,254","10,247","5,079",138,1,305,9
CHEPTAIS,"107,151","14,457","65,033","22,660","3,275","1,301",104,2,300,19
Male,"53,943","7,409","31,478","12,143","1,770",897,49,2,181,14
Female,"53,203","7,046","33,552","10,517","1,505",404,55,,119,5
KIMILILI,"131,584","14,029","70,985","35,629","7,184","3,274",165,6,307,5
Male,"63,964","6,984","34,324","16,890","3,521","1,989",82,2,170,2
Female,"67,617","7,045","36,658","18,739","3,663","1,285",83,4,137,3
MT. ELGON,"64,470","7,142","36,928","15,907","2,954","1,437",39,,58,5
Male,"32,347","3,602","17,975","8,327","1,473",915,19,,33,3
Female,"32,120","3,539","18,951","7,580","1,481",522,20,,25,2
BUNGOMA WEST,"98,358","11,133","57,475","23,298","4,587","1,470",127,1,236,31
Male,"48,203","5,651","27,583","11,407","2,389",970,59,,130,14
Female,"50,154","5,482","29,892","11,890","2,198",500,68,1,106,17
TONGAREN,"83,916","8,599","45,821","23,107","4,446","1,690",98,13,126,16
Male,"40,937","4,328","22,288","10,889","2,262","1,048",40,7,67,8
Female,"42,978","4,271","23,533","12,217","2,184",642,58,6,59,8
WEBUYE WEST,"129,406","13,886","69,538","34,448","7,852","3,340",67,4,263,8
Male,"63,162","7,077","33,463","16,682","3,806","1,934",30,4,161,5
Female,"66,242","6,808","36,074","17,766","4,046","1,406",37,,102,3
MT. ELGON FOREST,"2,602",347,"1,836",379,22,13,2,,3,
Male,"1,395",184,964,224,13,8,1,,1,
Female,"1,207",163,872,155,9,5,1,,2,
BUSIA,"712,283","85,338","417,541","159,918","32,418","14,890",673,45,"1,386",74
Male,"346,688","42,256","197,870","79,956","16,157","9,222",356,25,811,35
Female,"365,573","43,078","219,655","79,961","16,260","5,668",317,20,575,39
BUNYALA,"69,899","8,491","42,370","14,817","2,759","1,199",68,1,188,6
Male,"34,803","4,159","20,068","8,048","1,557",814,27,1,126,3
Female,"35,095","4,332","22,301","6,769","1,202",385,41,,62,3
BUSIA,"111,961","11,825","63,297","27,153","6,253","3,085",66,5,239,38
Male,"54,529","5,879","30,231","13,361","3,028","1,847",27,4,132,20
Female,"57,431","5,946","33,065","13,792","3,225","1,238",39,1,107,18
BUTULA,"108,839","13,995","66,703","22,016","3,857","1,888",166,7,204,3
Male,"51,941","6,864","31,265","10,477","1,894","1,231",96,3,109,2
Female,"56,896","7,131","35,437","11,539","1,962",657,70,4,95,1
NAMBALE,"89,790","9,477","54,382","19,663","3,978","2,011",55,12,203,9
Male,"43,172","4,651","25,899","9,358","1,878","1,225",27,6,125,3
Female,"46,615","4,826","28,480","10,305","2,100",786,28,6,78,6
SAMIA,"85,399","10,935","50,303","18,819","3,520","1,552",109,9,152,
Male,"41,813","5,316","23,654","9,800","1,881","1,010",63,5,84,
Female,"43,574","5,616","26,640","9,019","1,639",542,46,4,68,
TESO NORTH,"113,783","13,084","64,126","28,616","5,527","2,165",86,3,172,4
Male,"55,450","6,585","30,268","14,427","2,689","1,327",44,2,106,2
Female,"58,332","6,498","33,858","14,189","2,838",838,42,1,66,2
TESO SOUTH,"132,612","17,531","76,360","28,834","6,524","2,990",123,8,228,14
Male,"64,980","8,802","36,485","14,485","3,230","1,768",72,4,129,5
Female,"67,630","8,729","39,874","14,348","3,294","1,222",51,4,99,9
SIAYA,"824,640","92,182","495,382","179,463","35,160","19,366",615,38,"2,112",322
Male,"399,523","46,432","233,541","87,484","17,916","12,445",280,21,"1,241",163
Female,"425,101","45,748","261,832","91,977","17,242","6,921",335,17,870,159
SIAYA,"183,103","20,426","110,970","38,108","8,335","4,522",154,7,471,110
Male,"88,402","10,351","52,287","18,434","4,064","2,848",75,4,282,57
Female,"94,697","10,075","58,682","19,672","4,271","1,674",79,3,188,53
GEM,"150,388","15,847","94,278","31,086","5,812","2,952",83,7,252,71
Male,"73,231","8,117","44,964","15,020","2,979","1,921",32,1,160,37
Female,"77,154","7,728","49,313","16,066","2,833","1,031",51,6,92,34
UGENYA,"108,513","12,331","68,070","22,327","3,459","2,010",82,6,217,11
Male,"52,294","6,256","31,944","10,824","1,763","1,321",40,3,136,7
Female,"56,215","6,075","36,124","11,503","1,694",689,42,3,81,4
UGUNJA,"86,090","9,775","51,327","19,182","3,579","1,877",99,5,239,7
Male,"41,391","4,810","24,008","9,394","1,819","1,180",41,2,133,4
Female,"44,699","4,965","27,319","9,788","1,760",697,58,3,106,3
BONDO,"167,724","18,556","95,914","38,673","8,408","5,489",97,7,519,61
Male,"81,899","9,332","45,369","19,002","4,308","3,511",44,7,296,30
Female,"85,822","9,224","50,542","19,671","4,100","1,978",53,,223,31
RARIEDA,"128,822","15,247","74,823","30,087","5,567","2,516",100,6,414,62
Male,"62,306","7,566","34,969","14,810","2,983","1,664",48,4,234,28
Female,"66,514","7,681","39,852","15,277","2,584",852,52,2,180,34
KISUMU,"978,105","104,468","492,849","258,761","73,246","45,701",741,48,"1,989",302
Male,"478,889","52,242","234,090","127,868","36,108","26,912",365,28,"1,128",148
Female,"499,198","52,226","258,748","130,889","37,137","18,787",376,20,861,154
KISUMU EAST,"189,994","19,330","86,380","55,897","18,247","9,655",109,8,299,69
Male,"93,726","9,699","41,279","27,879","8,981","5,628",51,6,174,29
Female,"96,264","9,631","45,099","28,016","9,266","4,027",58,2,125,40
KISUMU CENTRAL,"151,206","12,008","54,297","47,862","21,165","15,289",62,16,447,60
Male,"72,527","5,903","25,271","23,088","9,602","8,347",34,9,244,29
Female,"78,675","6,105","29,025","24,773","11,562","6,941",28,7,203,31
KISUMU WEST,"145,629","15,071","73,675","37,461","10,145","8,863",112,5,257,40
Male,"72,142","7,550","35,338","18,619","5,114","5,280",59,2,159,21
Female,"73,484","7,521","38,334","18,842","5,031","3,583",53,3,98,19
SEME,"101,033","12,149","59,868","22,793","3,973","1,951",141,7,139,12
Male,"48,927","6,025","28,194","11,217","2,066","1,275",62,3,79,6
Female,"52,105","6,124","31,674","11,576","1,907",675,79,4,60,6
MUHORONI,"127,218","15,748","73,123","29,187","5,957","2,723",128,5,315,32
Male,"64,017","7,948","35,629","15,076","3,331","1,771",64,4,176,18
Female,"63,200","7,800","37,493","14,111","2,626",952,64,1,139,14
NYANDO,"135,494","15,552","75,743","33,054","7,119","3,636",109,5,234,42
Male,"65,799","7,879","35,819","16,045","3,555","2,292",57,3,128,21
Female,"69,691","7,673","39,921","17,008","3,564","1,344",52,2,106,21
NYAKACH,"127,531","14,610","69,763","32,507","6,640","3,584",80,2,298,47
Male,"61,751","7,238","32,560","15,944","3,459","2,319",38,1,168,24
Female,"65,779","7,372","37,202","16,563","3,181","1,265",42,1,130,23
HOMA BAY,"936,435","127,940","525,610","211,337","44,943","23,788",872,26,"1,838",81
Male,"453,351","63,987","242,523","106,003","23,648","15,777",353,12,"1,008",40
Female,"483,068","63,951","283,080","105,328","21,294","8,011",519,14,830,41
HOMA BAY,"98,476","11,819","49,065","25,486","7,124","4,617",114,3,236,12
Male,"47,031","5,940","22,296","12,355","3,415","2,844",43,1,131,6
Female,"51,444","5,879","26,769","13,131","3,708","1,773",71,2,105,6
NDHIWA,"176,801","27,315","107,039","33,473","5,858","2,771",86,6,241,12
Male,"85,665","13,654","49,302","17,317","3,260","1,947",35,3,141,6
Female,"91,131","13,659","57,735","16,155","2,598",824,51,3,100,6
RACHUONYO NORTH,"150,440","19,541","83,328","35,713","7,704","3,655",199,5,276,19
Male,"73,047","9,689","38,525","17,916","4,192","2,494",81,3,137,10
Female,"77,390","9,852","44,802","17,795","3,512","1,161",118,2,139,9
RACHUONYO EAST,"102,181","12,778","58,115","23,751","4,638","2,553",103,1,240,2
Male,"49,324","6,410","27,085","11,498","2,439","1,694",52,1,144,1
Female,"52,855","6,368","31,030","12,251","2,199",859,51,,96,1
RACHUONYO SOUTH,"110,893","14,049","59,185","27,274","6,357","3,722",74,2,228,2
Male,"52,889","6,999","27,264","12,989","3,110","2,373",27,,126,1
Female,"58,004","7,050","31,921","14,285","3,247","1,349",47,2,102,1
RANGWE,"95,975","13,521","55,723","20,001","4,288","2,111",69,4,244,14
Male,"46,029","6,949","25,582","9,672","2,229","1,440",31,1,120,5
Female,"49,944","6,572","30,139","10,329","2,059",671,38,3,124,9
SUBA NORTH,"103,926","14,217","56,542","24,710","5,438","2,701",110,2,201,5
Male,"51,090","7,042","26,158","12,969","2,926","1,833",38,1,120,3
Female,"52,835","7,175","30,384","11,740","2,512",868,72,1,81,2
SUBA SOUTH,"97,743","14,700","56,613","20,929","3,536","1,658",117,3,172,15
Male,"48,276","7,304","26,311","11,287","2,077","1,152",46,2,89,8
Female,"49,465","7,396","30,300","9,642","1,459",506,71,1,83,7
MIGORI,"891,943","124,155","518,068","187,095","37,775","21,934",813,71,"1,820",212
Male,"435,319","61,874","241,778","96,021","19,808","14,318",390,30,"1,005",95
Female,"456,604","62,277","276,278","91,072","17,966","7,616",422,41,815,117
AWENDO,"99,605","12,796","56,503","22,584","4,752","2,685",70,9,177,29
Male,"48,515","6,441","26,122","11,455","2,583","1,768",37,4,92,13
Female,"51,088","6,355","30,379","11,129","2,169",917,33,5,85,16
KURIA EAST,"68,210","9,318","42,784","12,704","2,030","1,147",70,,128,29
Male,"34,174","4,729","20,434","6,961","1,119",816,33,,71,11
Female,"34,033","4,588","22,349","5,742",911,331,37,,57,18
KURIA WEST,"156,851","21,758","92,970","32,394","5,901","3,258",251,47,228,44
Male,"77,778","10,766","44,426","17,210","2,994","2,105",122,21,119,15
Female,"79,070","10,991","48,543","15,184","2,907","1,153",128,26,109,29
NYATIKE,"141,989","21,404","85,569","27,251","4,783","2,487",88,6,374,27
Male,"68,816","10,674","39,218","14,231","2,657","1,779",43,2,197,15
Female,"73,167","10,730","46,346","13,020","2,125",708,45,4,177,12
RONGO,"104,064","13,340","55,147","24,443","6,098","4,681",98,2,245,10
Male,"50,212","6,644","25,539","11,929","3,030","2,892",36,2,138,2
Female,"53,851","6,696","29,607","12,514","3,068","1,789",62,,107,8
SUNA EAST,"102,060","13,221","56,912","22,883","5,584","3,123",67,2,235,33
Male,"49,404","6,602","26,412","11,395","2,849","1,963",32,,132,19
Female,"52,653","6,617","30,500","11,487","2,735","1,160",35,2,103,14
SUNA WEST,"100,908","15,073","56,855","21,449","4,613","2,609",72,3,229,5
Male,"48,762","7,487","26,347","10,735","2,317","1,696",42,,135,3
Female,"52,145","7,586","30,507","10,714","2,296",913,30,3,94,2
URIRI,"118,256","17,245","71,328","23,387","4,014","1,944",97,2,204,35
Male,"57,658","8,531","33,280","12,105","2,259","1,299",45,1,121,17
Female,"60,597","8,714","38,047","11,282","1,755",645,52,1,83,18
KISII,"1,056,594","122,124","512,421","322,225","60,044","36,719","1,123",55,"1,740",143
Male,"514,242","60,852","247,630","151,575","29,632","22,942",528,25,992,66
Female,"542,327","61,272","264,778","170,640","30,411","13,776",595,30,748,77
ETAGO,"68,186","9,907","36,284","18,334","2,201","1,281",76,4,94,5
Male,"33,403","4,861","17,371","9,009","1,195",879,34,,52,2
Female,"34,781","5,046","18,912","9,325","1,006",401,42,4,42,3
GUCHA,"69,387","7,730","35,303","20,035","3,694","2,410",51,7,135,22
Male,"33,352","3,893","16,862","9,220","1,765","1,498",24,3,77,10
Female,"36,035","3,837","18,441","10,815","1,929",912,27,4,58,12
GUCHA SOUTH,"68,510","8,959","35,526","18,413","3,520","1,880",61,2,116,33
Male,"33,518","4,473","17,137","8,866","1,729","1,197",27,,71,18
Female,"34,989","4,486","18,387","9,546","1,791",683,34,2,45,15
KENYENYA,"109,605","13,838","53,401","34,734","4,572","2,761",160,4,125,10
Male,"53,315","6,849","25,610","16,552","2,319","1,838",73,1,68,5
Female,"56,289","6,989","27,790","18,182","2,253",923,87,3,57,5
KISII CENTRAL,"141,052","13,236","59,173","46,828","12,789","8,687",111,10,208,10
Male,"69,181","6,659","28,998","22,003","6,089","5,248",51,5,124,4
Female,"71,869","6,577","30,174","24,825","6,699","3,439",60,5,84,6
KISII SOUTH,"110,437","13,820","59,058","28,196","5,617","3,403",155,3,183,2
Male,"53,984","6,870","28,805","13,508","2,627","1,991",78,1,102,2
Female,"56,448","6,950","30,249","14,687","2,990","1,412",77,2,81,
KITUTU CENTRAL,"131,437","14,314","59,876","38,295","11,188","7,363",86,8,283,24
Male,"64,408","7,251","29,354","18,114","5,144","4,322",41,3,167,12
Female,"67,024","7,063","30,522","20,176","6,044","3,041",45,5,116,12
MARANI,"88,583","9,550","48,376","25,430","3,378","1,669",62,1,97,20
Male,"42,683","4,724","23,072","11,855","1,815","1,117",32,1,59,8
Female,"45,899","4,826","25,303","13,575","1,563",552,30,,38,12
MASABA SOUTH,"104,534","11,155","46,821","37,714","5,490","3,008",150,6,184,6
Male,"50,501","5,527","22,576","17,319","2,899","1,997",72,3,105,3
Female,"54,030","5,628","24,243","20,394","2,591","1,011",78,3,79,3
NYAMACHE,"108,990","13,363","50,827","36,667","4,902","2,821",144,10,247,9
Male,"52,911","6,608","24,612","16,947","2,624","1,920",65,8,126,1
Female,"56,078","6,755","26,215","19,719","2,278",901,79,2,121,8
SAMETA,"55,873","6,252","27,776","17,579","2,693","1,436",67,,68,2
Male,"26,986","3,137","13,233","8,182","1,426",935,31,,41,1
Female,"28,885","3,115","14,542","9,396","1,267",501,36,,27,1
NYAMIRA,"501,830","52,055","236,763","167,665","28,209","15,453",596,27,"1,008",54
Male,"245,254","26,279","115,979","77,998","14,325","9,815",274,13,550,21
Female,"256,564","25,774","120,778","89,664","13,883","5,638",322,14,458,33
BORABU,"61,736","5,638","26,159","22,206","4,781","2,771",51,2,121,7
Male,"31,315","2,938","13,171","10,934","2,458","1,727",17,2,66,2
Female,"30,421","2,700","12,988","11,272","2,323","1,044",34,,55,5
MANGA,"77,226","8,396","34,669","27,157","4,470","2,255",108,3,155,13
Male,"37,534","4,185","16,935","12,592","2,251","1,432",47,2,85,5
Female,"39,690","4,210","17,733","14,565","2,219",823,61,1,70,8
MASABA NORTH,"92,363","9,048","41,945","33,203","5,120","2,789",124,6,121,7
Male,"44,538","4,476","20,370","15,237","2,569","1,771",51,1,60,3
Female,"47,823","4,571","21,575","17,965","2,551","1,018",73,5,61,4
NYAMIRA NORTH,"137,819","15,528","70,331","41,669","6,492","3,287",191,5,313,3
Male,"67,363","7,860","34,507","19,192","3,396","2,137",95,3,171,2
Female,"70,451","7,668","35,821","22,476","3,095","1,150",96,2,142,1
NYAMIRA SOUTH,"132,686","13,445","63,659","43,430","7,346","4,351",122,11,298,24
Male,"64,504","6,820","30,996","20,043","3,651","2,748",64,5,168,9
Female,"68,179","6,625","32,661","23,386","3,695","1,603",58,6,130,15
NAIROBI CITY,"3,787,354","279,590","1,251,210","1,316,741","529,276","386,594","1,822","5,909","14,609","1,603"
Male,"1,884,245","140,097","597,453","666,752","252,981","214,171",775,"2,685","8,525",806
Female,"1,902,938","139,480","653,700","649,924","276,285","172,402","1,047","3,224","6,082",794
DAGORETTI,"380,451","29,223","137,951","137,812","50,339","23,373",193,12,"1,374",174
Male,"190,921","14,600","66,595","70,921","24,530","13,249",85,8,845,88
Female,"189,505","14,621","71,349","66,881","25,807","10,120",108,4,529,86
EMBAKASI,"865,056","65,255","256,721","310,283","143,900","84,421",299,506,"3,379",292
Male,"431,278","32,746","121,043","156,714","69,790","48,491",137,214,"1,994",149
Female,"433,744","32,507","135,667","153,555","74,108","35,927",162,292,"1,384",142
KAMUKUNJI,"197,971","15,334","77,099","68,218","20,669","11,415",321,"4,071",697,147
Male,"103,126","7,699","38,091","37,452","10,381","6,983",134,"1,870",442,74
Female,"94,839","7,635","39,007","30,762","10,287","4,432",187,"2,201",255,73
KASARANI,"679,812","50,866","218,345","229,110","104,980","73,486",206,60,"2,540",219
Male,"329,885","25,599","102,376","110,505","47,834","41,848",81,32,"1,503",107
Female,"349,899","25,266","115,954","118,598","57,145","31,634",125,28,"1,037",112
KIBRA,"161,207","12,378","63,976","54,872","15,854","13,383",108,22,562,52
Male,"81,878","6,186","31,242","29,252","7,763","7,036",42,11,322,24
Female,"79,322","6,192","32,731","25,617","8,090","6,347",66,11,240,28
LANG'ATA,"170,602","10,507","48,911","47,093","20,970","41,887",90,284,785,75
Male,"83,232","5,302","23,373","23,701","9,175","21,082",45,118,404,32
Female,"87,363","5,204","25,535","23,392","11,795","20,804",45,166,380,42
MAKADARA,"169,335","10,997","51,684","65,407","26,973","13,595",76,19,542,42
Male,"85,882","5,544","24,952","33,991","13,335","7,675",28,15,318,24
Female,"83,446","5,453","26,728","31,415","13,636","5,920",48,4,224,18
MATHARE,"174,560","14,020","77,562","61,647","15,579","4,803",65,62,715,107
Male,"90,081","6,882","38,237","32,987","8,276","3,146",35,45,418,55
Female,"84,467","7,137","39,320","28,654","7,303","1,657",30,17,297,52
NJIRU,"549,682","43,997","193,425","204,604","73,612","31,824",181,27,"1,772",240
Male,"268,531","22,062","91,958","99,869","34,898","18,466",72,19,"1,062",125
Female,"281,127","21,931","101,462","104,721","38,714","13,358",109,8,710,114
STAREHE,"167,374","10,414","49,370","54,985","23,757","26,847",155,794,894,158
Male,"84,432","5,125","23,408","28,572","11,492","14,830",63,332,526,84
Female,"82,934","5,288","25,961","26,411","12,265","12,013",92,462,368,74
WESTLANDS,"271,304","16,599","76,166","82,710","32,643","61,560",128,52,"1,349",97
Male,"134,999","8,352","36,178","42,788","15,507","31,365",53,21,691,44
Female,"136,292","8,246","39,986","39,918","17,135","30,190",75,31,658,53
