County / Sub-County,Conventional Households,"Stand - alone
Radio","Desk Top
Computer/
Laptop/ Tablet","Functional
Television","Analogue
Television",Internet ,Bicycle, Motor Cycle ,Refrigerator, Car,"Truck/ Lorry/
Bus/ Three
Wheeler truck",Tuk Tuk
Kenya,"12,043,016",56.9,8.8,40.7,4.7,17.9,15.0,9.2,8.8,6.3,0.9,0.5
Rural,"7,379,282",58.5,3.0,26.9,3.4,6.9,15.6,10.8,2.4,3.5,0.7,0.4
Urban,"4,663,734",54.4,18.0,62.5,6.7,35.4,13.9,6.7,19.1,10.8,1.2,0.7
MOMBASA,"376,295",47.4,13.0,57.2,7.1,28.2,12.1,5.5,22.0,6.8,0.9,1.5
CHANGAMWE,"46,439",51.6,9.6,59.2,6.8,24.8,10.1,4.9,14.4,3.9,0.8,1.1
JOMVU,"53,214",49.4,9.0,53.5,5.8,22.3,8.6,5.3,14.0,4.2,0.7,0.8
KISAUNI,"88,159",49.5,12.5,55.4,7.1,26.1,12.8,6.9,20.9,5.9,0.7,1.5
LIKONI,"80,002",42.8,7.1,51.3,7.0,18.7,11.5,5.4,11.7,2.2,0.5,1.4
MVITA,"38,710",36.9,27.6,69.5,8.6,55.1,14.9,3.6,58.1,19.0,1.8,2.9
NYALI,"69,771",51.6,17.6,61.0,7.2,33.8,14.5,5.8,26.3,10.6,1.1,1.5
KWALE,"172,802",42.6,4.3,23.1,3.2,9.8,19.0,10.6,6.2,2.3,0.5,0.7
KINANGO,"16,041",38.1,2.1,10.6,1.4,4.5,17.6,12.0,1.5,1.1,0.4,0.3
LUNGALUNGA,"37,276",38.8,1.7,11.7,2.1,3.7,25.9,11.4,2.2,1.3,0.4,0.4
MATUGA,"39,124",48.0,4.4,24.4,3.1,10.3,16.4,11.2,6.2,2.7,0.5,0.6
MSAMBWENI,"45,374",47.0,8.5,39.6,5.6,19.8,20.1,9.2,13.8,3.9,0.5,1.3
SAMBURU,"34,987",37.2,2.4,18.3,2.4,5.3,14.0,10.2,3.0,1.3,0.4,0.4
KILIFI,"297,990",37.8,5.5,25.9,2.9,11.6,15.3,10.4,8.1,2.8,0.5,0.9
CHONYI,"11,416",31.3,1.2,8.3,0.9,1.5,8.6,8.9,0.9,0.9,0.3,0.3
GANZE,"23,197",31.0,1.4,8.5,0.9,3.3,19.8,10.7,0.9,1.0,0.4,0.4
KALOLENI,"36,344",39.5,4.0,24.3,2.3,7.4,10.2,7.6,5.5,2.2,0.4,0.5
KAUMA,"3,479",27.5,1.1,7.0,0.9,3.0,9.3,8.9,0.8,0.9,0.4,0.8
KILIFI NORTH,"39,508",38.1,9.5,29.1,3.9,18.1,17.4,12.6,10.5,4.3,0.7,1.1
KILIFI SOUTH,"53,011",42.4,7.7,36.3,3.8,16.0,12.6,8.1,12.9,4.0,0.5,0.7
MAGARINI,"32,978",30.8,1.7,12.8,1.4,3.3,15.9,10.5,2.7,1.0,0.4,0.6
MALINDI,"73,317",39.4,7.4,32.6,4.0,17.1,20.8,13.7,12.2,3.7,0.6,1.6
RABAI,"24,740",40.5,3.2,25.7,2.7,6.7,7.7,6.1,4.2,1.7,0.5,0.4
TANA RIVER,"66,984",28.4,2.7,15.3,2.3,5.5,9.6,9.7,3.7,1.6,0.4,0.5
TANA DELTA,"22,395",26.5,2.2,12.9,2.1,5.1,10.0,9.6,2.7,1.0,0.3,0.6
TANA NORTH,"26,119",27.8,1.8,15.0,2.0,4.0,5.4,6.9,3.5,1.8,0.4,0.4
TANA RIVER,"18,470",31.6,4.6,18.6,2.9,8.2,14.8,13.8,5.2,2.0,0.5,0.4
LAMU,"34,231",37.3,4.2,30.8,3.7,11.8,28.5,15.7,8.6,1.4,0.4,0.4
LAMU EAST,"4,476",26.8,2.3,28.7,3.0,4.6,4.5,5.5,10.0,0.6,0.3,0.2
LAMU WEST,"29,755",38.9,4.5,31.1,3.8,12.8,32.1,17.2,8.4,1.5,0.5,0.5
TAITA/TAVETA,"94,468",55.9,6.3,38.6,4.5,15.9,18.6,15.2,6.7,3.5,0.7,0.5
MWATATE,"23,184",62.4,4.6,33.9,3.6,11.7,18.9,13.9,4.3,2.7,0.6,0.3
TAITA,"14,985",68.8,5.0,35.1,4.1,10.2,5.0,10.0,3.1,3.0,0.7,0.4
TAVETA,"23,417",61.2,4.6,38.3,4.7,12.3,33.1,24.2,6.4,3.1,0.8,0.4
VOI,"32,882",41.7,9.3,43.6,5.1,23.9,14.1,12.2,10.2,4.7,0.8,0.9
GARISSA,"138,940",47.8,2.6,12.9,2.2,6.3,3.5,3.2,6.0,4.1,1.4,2.3
BALAMBALA,"3,986",50.8,3.4,8.6,3.7,5.0,4.1,4.1,1.8,4.3,3.0,3.5
DADAAB,"35,169",48.5,1.9,5.8,2.1,3.7,2.7,2.3,1.4,3.1,1.4,2.1
FAFI,"23,351",41.1,1.4,5.4,1.3,2.8,1.5,1.4,1.0,2.0,1.0,1.3
GARISSA,"29,790",41.6,5.7,38.8,4.0,15.3,4.7,4.1,22.4,7.1,1.4,3.0
HULUGHO,"20,078",64.5,1.6,2.7,1.3,3.3,3.9,3.6,0.5,5.3,2.0,2.4
IJARA,"18,296",43.1,2.0,9.9,1.8,6.4,5.6,5.1,4.2,3.5,1.2,3.1
LAGDERA,"8,270",54.0,1.3,3.3,1.1,2.4,1.8,2.6,1.0,2.2,0.9,1.5
WAJIR,"126,878",54.2,1.4,6.6,1.2,3.5,2.2,3.1,2.4,2.5,0.8,2.1
BUNA,"6,480",38.2,0.7,2.6,0.8,2.4,2.7,4.4,0.4,0.9,0.6,1.1
ELDAS,"13,862",66.9,1.9,7.2,2.0,3.8,4.5,7.5,1.3,4.6,1.7,4.6
HABASWEIN,"31,113",53.2,1.4,5.9,1.3,3.3,1.8,1.1,2.9,2.6,0.7,1.1
TARBAJ,"9,241",51.6,0.8,1.9,0.7,1.4,1.9,4.8,0.2,1.3,0.6,3.4
WAJIR EAST,"18,282",58.2,3.3,19.9,2.2,7.7,2.9,3.0,8.3,4.9,1.2,3.5
WAJIR NORTH,"10,478",31.7,1.5,5.2,0.9,4.3,3.3,7.7,2.1,1.6,0.6,2.7
WAJIR SOUTH,"21,149",64.3,0.6,2.3,0.5,1.9,1.0,0.9,0.4,1.4,0.6,1.0
WAJIR WEST,"16,273",50.1,0.8,3.3,0.7,1.8,1.2,1.8,0.9,1.2,0.6,1.2
MANDERA,"123,954",45.0,1.5,8.3,1.4,3.5,3.3,6.4,3.2,3.0,1.0,2.5
MANDERA WEST,"14,201",29.2,1.1,5.7,1.2,2.9,2.7,7.7,1.7,2.3,1.0,2.6
BANISA,"24,000",41.5,0.8,2.4,0.6,1.9,5.1,11.5,0.4,2.7,0.9,3.7
KOTULO,"9,342",49.2,2.1,5.8,2.2,4.0,3.8,7.5,1.0,3.4,1.6,4.7
LAFEY,"11,380",67.9,1.3,3.3,1.3,3.5,3.8,4.8,0.9,3.2,1.8,2.5
MANDERA CENTRAL,"20,795",39.8,1.8,13.2,2.5,3.9,5.0,9.5,6.0,4.4,1.4,2.6
MANDERA EAST,"25,206",46.3,2.5,17.6,1.5,5.6,1.6,1.3,7.7,3.6,0.8,1.2
MANDERA NORTH,"19,030",49.4,0.9,3.9,0.7,2.2,1.7,2.9,1.2,1.2,0.5,1.2
MARSABIT,"76,689",27.8,2.5,14.7,1.6,4.4,1.9,5.6,3.0,2.2,0.6,0.6
LOIYANGALANI,"7,646",10.9,1.0,3.3,0.5,2.0,0.6,2.6,0.4,0.9,0.4,0.3
MARSABIT CENTRAL,"15,658",44.7,5.9,33.0,3.2,9.2,4.3,11.3,7.3,5.0,0.8,0.8
MARSABIT NORTH,"7,468",41.1,0.8,3.5,0.4,1.5,1.2,4.9,0.4,0.9,0.4,0.5
MARSABIT SOUTH,"11,563",15.7,1.3,4.5,0.5,2.3,0.9,2.4,0.8,1.2,0.3,0.5
MOYALE,"17,591",27.3,2.8,25.3,2.6,6.0,2.2,6.0,5.3,2.4,0.7,0.5
NORTH HORR,"9,601",17.4,1.2,3.2,0.7,2.0,1.1,2.4,0.5,1.3,0.9,0.8
SOLOLO,"7,162",29.3,1.2,4.8,0.6,1.7,1.2,5.6,0.5,1.1,0.4,0.7
ISIOLO,"53,217",39.1,4.5,26.8,2.4,8.9,4.2,7.9,7.5,4.0,0.7,0.6
GARBATULLA,"17,047",38.4,1.1,9.0,1.3,2.6,2.0,5.5,2.7,1.7,0.6,1.0
ISIOLO,"27,612",43.1,7.7,43.4,3.5,14.6,6.4,9.3,12.0,6.5,0.9,0.3
MERTI,"8,558",28.1,1.0,9.1,0.9,2.7,1.4,7.9,2.9,0.8,0.4,0.6
MERU,"423,931",53.4,4.3,34.5,4.1,10.2,8.7,9.8,3.5,5.2,0.7,0.3
BUURI EAST,"23,737",62.8,4.3,43.6,8.0,11.2,9.6,10.6,3.4,7.0,1.4,0.3
BUURI WEST,"27,905",59.5,4.4,46.2,5.3,15.9,10.3,11.7,2.7,4.8,0.7,0.3
IGEMBE CENTRAL,"51,848",48.4,1.4,20.6,2.4,4.9,2.7,7.9,0.8,2.7,0.4,0.3
IGEMBE NORTH,"38,716",48.7,1.3,17.5,1.7,3.5,1.8,6.9,0.7,2.5,0.3,0.2
IGEMBESOUTH,"43,222",42.4,2.9,29.9,2.7,7.5,3.1,7.9,2.4,4.0,0.5,0.3
IMENTI NORTH,"57,556",52.7,12.0,56.7,6.2,24.3,10.2,8.3,11.1,10.4,1.0,0.3
IMENTI SOUTH,"63,954",59.6,5.0,42.9,4.3,11.6,9.0,12.7,4.0,6.7,0.9,0.3
MERU CENTRAL,"39,498",62.0,4.0,41.1,5.7,9.2,13.3,12.1,3.4,6.0,0.9,0.3
TIGANIA CENTRAL,"24,983",51.9,2.0,19.4,2.1,3.3,8.8,9.5,1.0,2.9,0.4,0.3
TIGANIA EAST,"16,791",47.8,2.4,18.3,2.3,4.7,5.1,7.2,1.7,3.0,0.4,0.3
TIGANIA WEST,"35,402",51.7,2.8,23.5,3.7,6.7,23.0,11.5,1.8,3.5,0.5,0.3
MERU NATIONAL PARK,46,43.5,4.3,80.4,15.2,4.3,,,4.3,4.3,,
MT. KENYA FOREST,273,59.3,2.9,7.3,0.4,7.3,11.7,11.4,0.7,1.1,0.4,0.7
THARAKA-NITHI,"109,450",58.4,4.9,29.8,3.5,11.5,18.2,13.6,3.5,5.0,0.7,0.3
IGAMBANG'OMBE,"14,383",56.9,2.1,16.0,2.9,4.6,15.9,12.5,1.2,2.6,0.5,0.2
MAARA,"34,779",64.5,5.1,38.2,3.6,12.7,14.3,14.3,4.2,6.1,0.8,0.3
MERU SOUTH,"28,211",61.8,9.0,44.4,4.7,19.8,12.7,11.0,6.5,7.6,0.9,0.3
THARAKA NORTH,"13,403",46.7,1.4,10.6,2.0,4.6,33.4,15.6,0.5,2.2,0.3,0.3
THARAKA SOUTH,"18,603",51.4,2.9,16.3,3.0,6.6,24.8,15.8,1.7,3.2,0.5,0.3
MT. KENYA FOREST,71,77.5,11.3,52.1,,46.5,2.8,7.0,4.2,2.8,,1.4
EMBU,"182,427",62.9,6.3,42.0,5.0,14.7,17.5,13.9,5.6,6.6,0.9,0.4
EMBU EAST,"39,586",66.6,4.6,44.2,5.4,10.4,18.7,15.6,4.3,5.7,0.8,0.3
EMBU NORTH,"24,294",66.7,5.1,50.6,5.5,13.0,13.5,13.2,4.1,7.1,0.9,0.2
EMBU WEST,"43,126",59.3,13.6,56.5,5.9,29.0,15.5,10.1,12.7,10.7,1.3,0.4
MBEERESOUTH,"45,924",61.6,3.2,30.7,4.5,10.0,21.2,16.3,2.5,4.8,0.8,0.4
MBEERE NORTH,"29,483",61.9,3.5,28.4,3.4,8.2,16.5,14.1,2.8,4.4,0.8,0.4
MT. KENYA FOREST,14,71.4,14.3,28.6,21.4,14.3,,14.3,,,,
KITUI,"261,814",55.1,3.5,19.5,3.0,6.8,22.0,13.2,2.7,3.7,0.7,0.6
IKUTHA,"16,579",54.6,1.9,10.7,1.9,6.4,30.5,13.8,1.0,1.9,0.6,0.6
KATULANI,"12,166",56.5,3.2,22.4,3.4,7.0,25.8,12.5,3.0,4.5,0.7,0.4
KISASI,"10,860",49.0,2.3,15.0,2.7,4.4,27.2,10.3,1.2,2.8,0.6,0.5
KITUI CENTRAL,"29,026",55.7,8.7,37.2,5.1,15.5,13.3,12.1,8.6,6.3,1.0,0.7
KITUI WEST,"17,465",60.3,3.8,27.3,4.5,7.3,28.7,15.5,2.8,5.4,0.7,0.7
KYUSO,"15,969",49.4,2.4,13.2,1.9,6.0,21.8,14.7,1.1,2.7,0.8,0.4
LOWER YATTA,"15,021",60.6,2.6,16.1,2.3,4.6,26.8,14.0,1.4,3.5,1.0,0.9
MATINYANI,"11,497",60.7,3.4,25.7,3.1,4.7,23.3,14.9,2.8,3.9,0.6,0.8
MIGWANI,"18,843",65.2,3.6,25.9,4.1,7.2,36.2,16.2,2.3,5.2,0.9,0.4
MUMONI,"6,451",47.9,2.1,12.2,2.2,3.4,11.5,12.6,0.8,2.6,0.6,0.4
MUTITU,"11,490",55.4,1.5,9.3,1.2,3.3,13.3,10.9,1.0,2.1,0.5,0.7
MUTITU NORTH,"4,929",57.2,2.5,13.1,3.0,3.4,26.2,15.1,2.0,2.6,0.4,0.7
MUTOMO,"23,034",52.1,2.5,10.4,1.9,5.5,24.3,13.0,1.0,2.1,0.6,0.5
MWINGI CENTRAL,"26,745",54.1,4.5,24.7,3.7,8.0,17.6,13.2,3.7,4.6,0.8,0.5
MWINGI EAST,"18,725",50.7,1.8,11.0,1.5,4.6,16.6,11.7,1.2,2.4,0.7,0.5
NZAMBANI,"11,276",55.4,4.0,22.0,3.4,5.7,16.1,11.0,3.9,4.2,0.7,0.5
THAGICU,"3,289",54.8,1.2,8.2,1.3,3.6,9.1,13.5,0.3,1.6,0.3,0.2
TSEIKURU,"8,449",42.8,1.3,9.1,1.5,2.5,17.0,11.2,1.0,1.9,0.4,0.4
MACHAKOS,"399,523",63.1,9.4,42.6,5.3,17.6,19.7,9.8,9.4,8.7,1.1,0.5
ATHI RIVER,"109,723",57.7,20.0,61.4,7.3,35.7,15.8,7.0,21.5,16.6,1.6,0.6
KALAMA,"14,137",72.1,3.1,29.4,4.6,7.2,9.4,7.3,3.0,4.7,1.2,0.4
KANGUNDO,"26,115",68.6,4.1,38.0,5.5,8.5,18.5,11.5,4.3,5.3,0.9,0.2
KATHIANI,"28,730",63.4,3.4,31.7,4.6,6.6,9.1,7.6,2.7,4.1,0.7,0.3
MACHAKOS,"50,753",56.5,12.4,53.8,5.7,24.1,12.0,7.5,11.5,8.8,1.1,0.7
MASINGA,"36,196",65.7,3.1,26.1,3.9,5.7,27.3,14.0,1.8,4.5,1.0,0.7
MATUNGULU,"44,399",63.2,6.5,43.5,6.1,12.9,25.9,12.7,7.1,7.1,1.2,0.3
MWALA,"45,809",70.3,2.9,24.4,3.1,7.3,25.7,10.4,2.3,4.8,0.7,0.4
YATTA,"43,661",68.3,3.3,28.6,3.2,6.5,31.0,13.3,2.4,4.2,0.9,0.5
MAKUENI,"243,979",62.7,4.0,24.5,4.0,9.4,29.9,14.2,2.5,4.5,0.9,0.4
KATHONZWENI,"18,362",64.3,2.6,16.7,2.0,6.4,39.2,16.1,0.8,4.2,0.7,0.4
KIBWEZI,"47,594",59.2,3.6,24.9,4.3,8.7,52.1,17.5,2.6,4.0,0.8,0.6
KILUNGU,"14,563",63.8,3.3,23.0,3.5,6.7,8.2,8.9,1.5,3.7,0.7,0.3
MAKINDU,"21,662",56.8,4.6,29.8,4.6,10.6,52.5,18.9,4.2,4.5,1.0,0.6
MAKUENI,"34,352",63.6,7.1,29.8,4.8,16.7,20.0,12.7,4.0,6.5,0.9,0.4
MBOONI EAST,"23,724",67.4,2.9,18.2,3.0,5.5,23.6,12.6,1.3,4.3,0.7,0.3
MBOONI WEST,"24,807",65.9,3.1,22.2,3.5,7.8,10.3,9.6,1.4,3.9,0.7,0.3
MUKAA,"28,109",63.3,3.9,26.7,4.5,8.0,16.1,12.2,3.1,5.0,1.1,0.4
NZAUI,"30,806",63.4,3.8,24.0,4.1,10.3,29.0,15.8,2.2,4.1,0.9,0.5
NYANDARUA,"178,224",72.4,4.6,48.9,5.2,12.4,20.3,11.2,2.2,5.4,1.2,0.3
KINANGOP,"30,847",74.2,3.9,51.3,5.2,11.3,23.8,10.7,1.4,5.4,1.8,0.2
NYANDARUA SOUTH,"25,650",75.0,4.8,51.8,5.2,11.9,25.0,11.0,1.8,5.8,1.3,0.3
MIRANGINE,"17,880",74.6,2.5,43.1,4.0,7.0,12.3,11.2,1.1,3.5,0.7,0.2
KIPIPIRI,"25,077",74.3,2.7,41.4,6.0,6.9,17.9,9.4,1.0,4.1,1.0,0.3
NYANDARUA CENTRAI.,"21,852",68.6,7.4,51.9,4.7,17.0,18.9,11.4,4.4,6.7,1.1,0.3
NYANDARUA WEST,"29,003",63.7,6.0,52.7,4.6,16.7,19.0,11.6,3.3,6.3,0.9,0.4
NYANDARUA NORTH,"27,906",76.7,4.5,47.6,6.0,14.3,22.1,13.2,2.3,5.6,1.0,0.2
ABERDARE NATIONAL,AR K    9,88.9,44.4,66.7,11.1,88.9,33.3,22.2,11.1,33.3,,
NYERI,"244,564",74.3,8.6,59.5,5.5,21.2,11.7,8.8,7.2,7.7,1.0,0.3
TETU,"24,122",78.0,5.4,62.7,6.0,16.8,9.9,7.7,5.7,6.8,0.7,0.3
KIENI EAST,"36,751",72.3,7.3,56.4,7.3,21.2,18.1,12.3,5.8,8.0,1.2,0.4
KIENI WEST,"27,530",77.2,4.2,48.0,6.1,11.4,7.5,10.0,2.7,5.9,1.0,0.3
MATHIRA EAST,"33,945",74.4,9.5,61.3,5.0,22.2,13.5,8.8,7.0,7.1,0.9,0.3
MATHIRA WEST,"18,892",72.8,5.4,59.2,6.7,16.2,15.5,8.5,5.9,6.9,0.9,0.3
NYERI SOUTH,"28,103",75.0,5.9,62.5,3.7,16.6,6.7,9.8,5.4,6.1,0.6,0.3
MUKURWE-INI,"27,036",75.9,4.8,52.1,3.8,13.2,8.9,8.3,3.9,5.6,0.7,0.4
NYERI CENTRAL,"48,036",71.7,18.0,68.1,5.4,37.4,11.9,5.7,15.4,11.7,1.2,0.3
MT. KENYA FOREST,101,73.3,8.9,28.7,3.0,33.7,3.0,6.9,1.0,5.0,,
ABERDARE FOREST,48,64.6,20.8,68.8,,,,2.1,,4.2,,
KIRINYAGA,"203,576",66.6,5.9,54.0,4.9,13.6,21.1,14.6,5.5,6.0,0.9,0.5
KIRINYAGA CENTRAL,"40,149",69.6,9.1,61.0,5.1,20.7,16.6,13.2,7.8,8.4,1.0,0.5
KIRINYAGA EAST,"44,509",68.9,4.9,54.6,5.6,10.9,15.1,14.5,4.2,6.7,0.9,0.4
KIRINYAGA WEST,"37,951",67.6,6.0,53.0,4.7,14.3,18.2,13.1,5.6,5.7,0.9,0.4
MWEA EAST,"46,331",62.0,5.7,50.7,4.0,12.6,23.7,15.2,5.9,5.2,0.9,0.4
MWEA WEST,"34,613",65.2,3.9,50.7,5.4,9.1,34.0,17.5,3.8,3.9,0.8,0.6
MT. KENYA FOREST,23,73.9,17.4,30.4,4.3,26.1,4.3,13.0,,8.7,,
MURANG'A,"317,496",70.7,4.9,47.9,3.2,11.9,12.1,8.5,4.7,5.0,0.9,0.3
MURANG'A EAST,"34,650",69.7,9.8,50.6,3.7,21.7,11.1,7.8,10.0,7.1,1.1,0.4
KANGEMA,"25,283",75.0,3.4,46.1,3.0,9.6,3.2,6.0,2.7,3.9,0.5,0.3
MATHIOYA,"28,372",72.0,3.4,45.2,2.7,8.0,4.1,6.4,3.0,4.3,0.6,0.3
KAHURO,"26,778",75.1,3.2,45.5,2.8,10.4,4.2,5.9,3.4,3.8,0.8,0.2
MURANG'A SOUTH,"55,878",69.7,6.0,47.7,3.8,14.1,21.9,11.5,6.0,5.6,0.9,0.3
GATANGA,"55,340",67.9,5.2,49.6,3.4,13.4,16.4,9.4,5.1,6.1,1.2,0.3
KIGUMO,"40,528",72.1,3.0,43.8,2.6,7.4,7.0,7.6,2.3,4.2,0.7,0.3
KANDARA,"50,657",69.2,3.7,51.4,3.3,9.1,14.3,9.1,4.0,4.2,1.0,0.3
ABERDARE FOREST,10,70.0,20.0,40.0,,,10.0,,10.0,,,
KIAMBU,"792,333",61.4,19.6,70.0,6.3,39.1,16.3,6.9,19.6,12.4,1.5,0.5
GATUNDU NORTH,"31,452",70.6,4.7,61.9,3.7,12.8,10.9,8.8,5.2,6.3,1.3,0.3
GATUNDU SOUTH,"35,577",72.3,4.8,67.9,4.3,12.1,13.7,9.8,6.2,6.5,1.1,0.3
GITHUNGURI,"49,414",68.2,7.3,68.6,3.6,18.7,16.9,8.7,9.3,8.5,1.6,0.3
JUJA,"104,042",53.0,23.9,67.4,6.7,44.8,20.5,8.8,20.3,13.5,1.6,0.6
KABETE,"66,681",64.3,23.7,74.0,6.0,45.2,14.2,4.8,24.4,12.7,1.3,0.3
KIAMBAA,"80,316",61.8,22.1,71.0,7.2,42.1,13.1,4.4,24.5,13.1,1.2,0.5
KIAMBU,"46,816",61.2,28.4,73.8,7.0,49.7,19.2,5.0,32.2,21.1,2.3,0.5
KIKUYU,"60,619",69.3,27.2,75.8,7.5,46.8,19.2,7.0,29.1,17.3,1.7,0.4
LARI,"38,585",67.6,6.4,62.8,3.9,16.9,12.1,9.1,5.4,6.9,1.4,0.3
LIMURU,"49,096",69.0,12.6,67.9,5.1,29.2,14.1,6.5,12.7,9.8,1.4,0.4
RUIRU,"127,910",53.8,24.6,73.3,7.9,49.9,16.8,6.1,23.3,14.0,1.6,0.6
THIKA EAST,"12,736",51.4,8.5,54.4,4.5,23.7,20.7,9.9,10.1,8.0,1.3,0.4
THIKA WEST,"89,089",57.1,21.5,69.3,7.1,48.0,17.1,6.2,19.5,11.5,1.4,0.9
TURKANA,"162,627",12.1,2.1,7.4,0.9,4.4,4.2,4.8,1.9,1.3,0.4,0.4
KIBISH,"5,699",3.1,0.5,1.2,0.4,0.8,0.4,1.3,0.1,0.4,0.2,0.4
LOIMA,"19,139",7.2,0.5,1.6,0.4,0.9,3.2,3.5,0.2,0.5,0.3,0.3
TURKANA CENTRAL,"37,917",23.9,4.9,17.6,1.5,8.4,5.2,9.4,6.0,3.1,0.6,0.3
TURKANA EAST,"17,887",13.6,0.9,3.4,0.4,1.4,3.3,2.7,0.6,0.7,0.3,0.3
TURKANA NORTH,"12,964",4.9,0.7,1.9,0.3,1.8,1.2,1.7,0.4,0.4,0.4,0.2
TURKANA SOUTH,"24,281",10.9,1.7,5.9,0.7,4.0,5.8,5.8,0.9,1.1,0.5,0.4
TURKANA WEST,"44,740",7.5,1.7,6.0,1.2,5.1,4.6,3.1,0.8,0.9,0.5,0.6
WEST POKOT,"115,761",33.8,1.4,9.7,1.0,3.5,3.2,5.8,0.6,1.6,0.4,0.3
KIPKOMO,"18,367",38.6,1.1,8.6,0.8,3.3,2.3,5.8,0.5,1.5,0.4,0.2
POKOT CENTRAL,"21,784",21.8,0.4,2.5,0.3,1.5,1.0,3.1,0.1,0.6,0.2,0.3
POKOT NORTH,"25,736",18.6,0.6,2.9,0.5,2.0,4.2,5.6,0.1,0.6,0.3,0.3
POKOT SOUTH,"13,752",55.5,0.5,6.8,0.7,2.5,0.8,4.3,0.1,1.2,0.3,0.2
WEST POKOT,"36,122",41.1,3.1,20.6,1.9,6.4,5.4,8.1,1.6,3.1,0.6,0.3
SAMBURU,"63,951",29.4,3.2,13.5,1.7,6.8,5.1,6.5,1.8,2.6,0.6,0.4
SAMBURU CENTRAL,"33,720",41.8,4.4,18.8,2.7,9.1,7.4,8.4,2.5,3.7,0.7,0.3
SAMBURU EAST,"17,307",17.3,2.2,9.1,0.7,5.2,2.5,5.2,1.4,1.7,0.4,0.4
SAMBURU NORTH,"12,924",13.1,1.2,5.6,0.5,2.8,2.4,3.6,0.5,1.1,0.3,0.4
TRANS NZOIA,"222,989",57.3,4.9,34.3,4.2,11.0,20.6,12.7,3.7,4.9,0.9,0.4
TRANS NZOIA WEST,"47,576",52.5,5.1,36.4,3.8,13.7,14.6,10.3,3.4,3.8,0.7,0.3
TRANS NZOIA EAST,"49,955",60.7,3.2,28.9,3.9,6.1,18.8,12.8,1.9,4.5,0.8,0.3
KWANZA,"45,599",60.1,4.4,34.6,4.1,10.5,25.0,14.5,3.3,4.3,0.9,0.3
ENDEBESS,"23,246",46.5,1.6,18.2,3.1,4.6,14.8,11.6,0.7,1.7,0.5,0.3
KIMININI,"56,613",60.7,8.1,43.5,5.4,16.0,26.2,13.6,6.9,7.8,1.1,0.6
UASIN GISHU,"301,110",60.1,10.1,47.3,5.3,20.4,18.2,10.4,8.3,8.5,1.2,0.3
AINABKOI,"34,862",64.9,12.4,48.8,5.5,22.0,16.0,9.8,11.9,11.5,1.6,0.3
KAPSERET,"59,678",57.7,14.6,55.0,6.0,28.2,18.3,8.8,11.7,10.7,1.3,0.4
KESSES,"34,623",63.0,7.7,37.2,3.5,14.5,13.6,9.7,4.7,7.2,1.0,0.3
MOIBEN,"46,602",63.0,11.5,48.2,5.0,21.4,17.8,11.3,8.2,9.3,1.3,0.4
SOY,"53,758",57.6,5.2,38.0,4.5,11.5,23.8,13.2,3.7,5.9,1.1,0.3
TURBO,"71,587",58.3,9.1,51.4,6.1,21.7,17.6,9.7,9.0,7.3,1.0,0.3
ELGEYO/MARAKWET,"99,119",52.7,2.0,17.5,1.8,5.0,3.7,6.9,1.1,3.1,0.7,0.3
KEIYO NORTH,"21,749",55.5,4.3,28.8,3.0,9.4,6.2,7.6,2.7,5.2,0.7,0.3
KEIYO SOUTH,"26,740",62.2,1.9,21.1,2.4,5.3,5.9,7.6,1.1,4.0,0.8,0.3
MARAKWET EAST,"21,123",34.5,0.7,5.1,0.5,2.0,0.5,3.9,0.3,1.2,0.3,0.2
MARAKWET WEST,"29,507",55.0,1.4,14.6,1.5,3.6,2.1,7.8,0.5,2.3,0.7,0.2
NANDI,"199,040",60.3,3.6,27.1,3.1,8.8,10.7,11.1,2.4,4.4,0.6,0.3
CHESUMEI,"39,011",63.0,5.5,35.7,3.5,12.5,15.2,11.8,3.9,6.2,0.7,0.3
NANDI CENTRAL,"34,247",60.7,4.9,33.5,3.6,11.2,11.9,11.7,3.7,5.3,0.7,0.3
NANDI EAST,"29,249",62.0,3.6,26.6,2.9,10.7,5.9,9.4,2.3,4.2,0.6,0.2
NANDI NORTH,"35,257",58.7,2.3,23.6,3.6,6.3,15.9,14.1,1.2,4.1,0.6,0.3
NANDI SOUTH,"37,038",59.6,2.4,23.4,2.5,5.4,8.2,10.0,1.6,3.3,0.4,0.3
TINDERET,"24,238",57.0,2.0,15.7,1.7,6.0,4.2,8.3,0.9,2.2,0.3,0.2
BARINGO,"141,877",51.8,3.2,23.0,2.9,8.2,7.1,8.2,1.9,4.1,0.6,0.3
BARINGO CENTRAL,"23,523",62.2,6.1,33.2,4.4,13.9,3.8,6.3,3.7,6.7,0.7,0.2
BARINGO NORTH,"23,345",53.9,1.8,16.1,2.2,4.3,3.5,5.9,0.8,2.7,0.3,0.2
EAST POKOT,"14,392",14.3,1.0,3.1,0.6,2.1,1.8,3.5,0.3,0.7,0.5,0.5
KOIBATEK,"30,752",65.5,4.7,39.0,5.1,13.3,6.4,8.5,3.1,6.5,0.9,0.3
MARIGAT,"19,658",53.1,2.1,18.4,1.9,6.8,8.0,11.0,1.2,2.3,0.4,0.3
MOGOTIO,"18,169",61.4,3.1,24.6,2.7,7.8,21.5,15.6,2.1,5.2,0.6,0.2
TIATY EAST,"12,038",20.4,0.7,3.8,0.4,2.1,5.0,5.3,0.2,1.0,0.4,0.3
LAIKIPIA,"145,776",63.3,6.9,44.4,4.7,17.5,21.1,13.3,5.2,6.4,0.9,0.4
LAIKIPIA CENTRAL,"29,877",72.0,7.6,53.8,5.4,22.8,24.1,16.2,5.8,8.1,1.0,0.5
LAIKIPIA EAST,"31,311",58.0,10.9,54.2,6.1,24.4,18.2,11.8,10.4,9.1,1.0,0.5
LAIKIPIA NORTH,"7,694",34.8,1.8,9.2,0.7,3.0,3.8,9.9,0.6,2.2,0.5,0.3
LAIKIPIA WEST,"32,821",58.8,2.6,29.8,2.9,8.2,30.8,15.5,1.4,3.4,0.6,0.3
NYAHURURU,"44,073",69.6,7.6,48.0,5.2,18.3,17.0,11.3,4.9,6.4,0.9,0.3
NAKURU,"598,237",61.1,9.6,52.5,5.7,20.9,19.1,10.9,8.9,7.1,1.0,0.4
GILGIL,"49,405",65.1,9.0,52.1,6.1,20.5,24.7,12.9,8.7,7.6,1.2,0.4
KURESOI NORTH,"40,168",61.7,1.8,23.9,3.1,5.3,4.4,9.4,0.6,2.1,0.4,0.3
KURESOI SOUTH,"34,543",64.2,2.3,18.4,2.3,6.3,3.5,10.5,0.6,3.5,0.6,0.3
MOLO,"41,439",58.5,5.2,48.4,4.6,13.0,9.1,11.6,3.6,4.6,0.9,0.3
NAIVASHA,"111,493",57.9,9.0,57.9,5.5,23.0,16.7,9.8,7.6,6.5,1.1,0.4
NAKURU EAST,"60,066",53.5,23.9,76.2,9.4,46.0,26.8,7.7,26.6,14.6,1.8,0.7
NAKURU NORTH,"61,582",67.4,12.4,67.7,7.2,26.0,31.6,12.8,12.9,9.5,1.5,0.5
NAKURU WEST,"64,429",57.4,11.4,62.0,6.9,25.9,19.4,9.7,9.2,6.3,0.8,0.7
NJORO,"61,156",62.2,5.5,42.5,4.3,12.1,16.6,11.5,3.6,4.2,0.7,0.3
RONGAI,"52,248",63.8,11.1,47.9,5.8,19.6,28.5,14.1,11.0,10.0,1.1,0.3
SUBUKIA,"21,708",70.6,3.4,43.7,5.0,8.9,16.5,12.2,2.6,3.7,0.7,0.2
NAROK,"238,115",59.0,2.7,19.3,1.8,6.9,3.7,10.7,1.9,3.5,0.6,0.5
NAROK EAST,"24,860",60.9,1.5,22.5,1.5,4.5,2.9,11.9,1.2,3.4,0.5,0.5
NAROK NORTH,"59,802",68.7,6.1,36.0,3.4,14.1,4.7,9.4,5.3,6.1,0.9,0.5
NAROK SOUTH,"46,549",55.3,1.3,11.9,1.4,3.6,1.7,8.9,0.7,2.6,0.6,0.5
NAROK WEST,"37,782",52.5,1.6,10.1,1.0,4.5,2.0,11.7,0.7,2.9,0.6,0.5
TRANS MARA EAST,"20,439",47.8,1.3,5.4,0.7,4.3,10.0,11.9,0.3,1.2,0.4,0.3
TRANS MARA WEST,"48,683",59.3,2.0,17.0,1.6,5.4,3.5,12.2,1.1,2.5,0.4,0.4
MAU FOREST,,,,,,,,,,,,
KAJIADO,"313,218",55.0,14.6,51.7,5.6,29.1,11.9,9.7,15.8,10.9,1.2,0.5
ISINYA,"71,395",58.1,16.3,63.0,6.8,36.3,12.8,7.7,18.2,12.6,1.5,0.7
KAJIADO CENTRAL,"37,059",48.5,5.7,33.9,3.1,15.4,8.4,14.6,7.5,6.6,0.9,0.4
KAJIADO NORTH,"100,908",59.7,26.7,70.1,8.1,46.9,15.5,5.4,27.6,16.2,1.5,0.4
KAJIADO WEST,"42,367",54.5,7.3,36.0,3.6,15.2,7.4,8.5,9.3,8.6,1.1,0.5
LOITOKITOK,"45,581",45.0,3.1,28.6,3.1,8.9,9.7,15.2,2.8,3.9,0.8,0.7
MASHUURU,"15,908",56.3,4.3,34.0,3.3,11.1,12.8,22.5,3.2,5.3,0.9,0.6
KERICHO,"205,932",60.3,4.7,29.3,2.9,11.1,4.5,8.4,3.0,4.9,0.7,0.3
BELGUT,"34,978",64.2,4.9,34.2,2.9,11.4,4.1,8.8,3.3,5.6,0.8,0.2
BURETI,"43,098",63.6,4.4,29.4,2.8,10.6,6.0,11.2,2.7,5.4,0.7,0.2
KERICHO EAST,"44,246",57.6,8.9,39.2,3.7,19.9,5.4,7.8,6.3,7.0,0.9,0.3
KIPKELION,"24,676",57.3,1.7,15.4,1.9,5.5,1.5,6.1,0.6,2.2,0.3,0.2
LONDIANI,"31,739",62.8,3.1,28.2,3.2,7.4,4.7,7.9,1.6,3.8,0.6,0.2
SOIN SIGOWET,"27,195",54.4,2.4,20.6,2.2,6.3,3.4,7.1,1.7,3.3,0.5,0.3
BOMET,"187,230",62.1,3.3,18.5,2.0,8.0,5.5,12.0,1.4,3.7,0.5,0.3
BOMET EAST,"29,897",60.2,2.0,13.3,1.5,5.0,2.8,10.1,0.7,2.4,0.5,0.3
CHEPALUNGU,"33,850",60.0,1.9,10.4,1.2,4.6,10.5,13.9,0.4,1.8,0.5,0.2
KONOIN,"38,123",64.1,3.0,22.1,2.3,7.3,4.0,11.1,1.5,4.3,0.5,0.4
SOTIK,"47,265",62.1,3.8,19.9,2.3,9.8,5.9,11.7,1.9,4.2,0.5,0.3
BOMET CENTRAL,"38,095",63.5,5.3,24.2,2.5,11.7,3.9,13.3,2.2,5.1,0.6,0.3
KAKAMEGA,"432,284",62.0,4.3,29.2,4.3,8.6,24.4,11.5,3.3,3.3,0.6,0.4
BUTERE,"36,243",62.4,2.8,25.5,3.6,6.2,24.4,10.7,2.0,2.1,0.6,0.3
KAKAMEGA CENTRAL,"51,956",57.7,13.6,45.9,5.4,24.1,17.3,11.0,11.0,7.1,0.9,0.7
KAKAMEGA EAST,"39,589",64.6,3.1,30.0,4.7,7.1,19.2,10.6,2.5,2.8,0.5,0.4
KAKAMEGA NORTH,"50,952",66.4,2.9,25.7,5.7,6.8,30.7,12.4,1.7,2.6,0.5,0.4
KAKAMEGA SOUTH,"26,940",60.9,2.7,27.4,2.9,6.1,14.6,9.1,2.3,2.6,0.4,0.3
KHWISERO,"27,681",62.8,2.7,25.0,3.9,5.7,23.8,10.3,2.0,2.5,0.6,0.4
LIKUYANI,"34,776",65.8,3.8,35.2,3.9,7.5,27.5,13.1,2.9,4.3,0.8,0.3
LUGARI,"27,817",67.9,3.2,31.0,4.6,7.7,23.7,12.6,2.3,3.4,0.6,0.3
MATETE,"13,956",64.8,2.7,24.0,4.4,4.9,26.6,10.8,1.1,2.1,0.6,0.4
MATUNGU,"36,414",56.8,2.1,20.6,3.3,4.5,31.9,12.2,1.5,2.1,0.7,0.4
MUMIAS EAST,"25,995",54.7,3.0,24.2,3.7,6.4,24.2,12.5,2.2,2.7,0.6,0.5
MUMIAS WEST,"27,650",58.9,4.9,32.2,3.7,8.8,23.8,10.7,5.3,4.2,0.6,0.3
NAVAKHOLO,"32,315",62.8,2.4,21.5,4.8,5.8,29.5,13.1,1.2,1.9,0.4,0.4
VIHIGA,"143,288",61.6,4.3,31.2,4.2,8.8,11.5,7.8,3.6,3.0,0.5,0.3
EMUHAYA,"23,803",63.7,2.9,23.9,4.0,7.7,16.0,7.7,2.0,2.0,0.4,0.2
VIHIGA,"23,359",63.1,5.3,31.9,4.3,10.7,9.1,7.1,4.7,3.6,0.5,0.3
SABATIA,"31,391",64.0,5.0,36.5,4.0,9.8,10.9,8.3,4.1,3.7,0.6,0.3
LUANDA,"26,766",62.3,4.1,29.5,4.0,9.2,12.7,7.1,3.6,2.4,0.6,0.3
HAMISI,"37,965",56.8,4.0,32.2,4.5,7.2,9.7,8.2,3.3,3.1,0.5,0.3
KAKAMEGA FOREST,4,25.0,25.0,,,,,25.0,,25.0,,
BUNGOMA,"357,714",62.1,4.1,25.4,3.6,7.2,26.2,11.9,2.8,3.1,0.6,0.4
BUMULA,"44,922",60.3,1.9,17.0,2.6,3.2,30.4,11.5,1.0,1.7,0.6,0.4
BUNGOMA CENTRAL,"37,535",65.3,3.2,24.6,3.7,5.0,32.6,13.3,1.7,2.6,0.6,0.4
BUNGOMA EAST,"24,798",65.5,4.2,30.3,4.5,9.1,25.9,13.4,3.1,3.3,0.5,0.3
BUNGOMA NORTH,"24,940",67.1,3.1,27.1,5.2,5.6,28.1,15.3,1.6,3.3,0.7,0.3
BUNGOMA SOUTH,"69,088",62.6,8.5,36.9,4.0,14.0,26.3,12.0,7.1,5.4,1.0,0.6
CHEPTAIS,"26,007",49.9,1.2,9.8,1.1,2.8,4.7,5.0,0.4,0.9,0.3,0.3
KIMILILI,"35,053",63.9,3.8,27.5,3.2,6.3,25.8,12.0,2.5,3.1,0.7,0.4
MT. ELGON,"15,230",52.6,2.0,15.5,1.6,5.4,6.1,6.8,0.8,1.6,0.4,0.2
BUNGOMA WEST,"25,166",62.1,2.1,16.5,2.5,4.4,26.3,10.9,1.2,1.6,0.5,0.4
TONGAREN,"21,343",63.0,3.1,27.3,5.1,6.0,31.3,15.5,1.6,3.9,0.5,0.3
WEBUYE WEST,"32,834",65.1,5.2,29.1,4.9,9.5,35.5,13.6,3.8,3.7,0.6,0.3
MT. ELGON FOREST,798,39.1,0.3,1.6,0.1,0.4,0.3,2.3,0.1,0.3,0.3,0.3
BUSIA,"197,944",54.5,3.7,27.2,3.8,7.4,34.3,11.8,3.7,2.9,0.6,0.3
BUNYALA,"19,028",46.1,3.5,28.3,5.2,7.8,34.7,10.2,2.9,2.2,0.5,0.3
BUSIA,"33,152",57.5,5.2,38.1,4.5,11.7,35.2,13.0,6.9,4.2,0.9,0.3
BUTULA,"32,199",59.8,2.5,22.9,3.4,4.9,35.4,10.6,2.1,2.3,0.6,0.4
NAMBALE,"23,889",56.4,3.2,25.8,4.0,4.5,37.2,12.1,2.6,2.8,0.7,0.3
SAMIA,"23,813",55.0,3.2,25.5,4.1,8.9,38.8,13.1,3.1,2.7,0.6,0.3
TESO NORTH,"29,314",51.7,3.6,22.5,2.9,7.4,26.4,11.3,3.3,2.6,0.5,0.3
TESO SOUTH,"36,549",52.4,4.4,26.2,3.1,6.6,33.6,12.0,4.3,3.0,0.6,0.3
SIAYA,"249,341",65.5,4.2,28.3,3.8,8.3,32.7,11.8,4.0,2.9,0.6,0.4
SIAYA,"57,386",63.6,4.9,28.0,3.7,8.8,38.7,13.2,4.5,3.2,0.6,0.4
GEM,"44,696",66.6,3.6,26.6,4.0,7.6,25.3,9.8,3.7,2.7,0.5,0.4
UGENYA,"33,554",65.2,3.1,25.1,3.2,6.2,37.8,11.1,2.8,2.5,0.5,0.4
UGUNJA,"26,321",63.5,4.3,30.3,4.5,8.7,30.2,10.8,4.7,3.3,0.9,0.3
BONDO,"50,454",66.0,5.2,32.2,4.1,11.1,31.5,13.3,4.7,3.1,0.6,0.4
RARIEDA,"36,930",68.1,3.2,26.7,3.4,6.5,30.7,11.3,3.0,2.4,0.5,0.3
KISUMU,"296,846",65.0,9.8,45.1,6.5,20.0,22.0,10.3,11.6,5.3,0.8,0.8
KISUMU EAST,"61,499",58.4,11.3,53.8,7.2,23.5,22.2,11.9,13.6,5.6,0.8,1.0
KISUMU CENTRAL,"52,163",63.8,23.6,66.8,9.6,45.7,19.7,9.2,29.1,11.6,1.3,1.0
KISUMU WEST,"42,785",63.2,8.9,44.0,6.6,18.5,18.9,9.4,10.0,5.1,0.8,0.9
SEME,"29,404",68.8,3.5,27.3,4.1,7.3,22.4,9.9,3.4,2.5,0.6,0.6
MUHORONI,"36,982",70.9,4.0,35.6,5.3,9.9,26.5,12.6,4.6,2.9,0.6,0.4
NYANDO,"38,460",65.2,5.3,36.8,5.6,11.3,29.8,10.4,6.4,3.3,0.7,0.6
NYAKACH,"35,553",70.7,4.2,32.7,5.2,8.6,15.0,8.1,4.3,3.0,0.7,0.4
HOMA BAY,"260,290",63.0,4.1,26.3,4.1,8.2,12.8,10.7,3.3,2.6,0.6,0.5
HOMA BAY,"28,471",64.5,9.1,39.4,5.3,15.4,14.2,12.4,7.9,4.4,0.7,0.5
NDHIWA,"47,956",62.6,2.4,19.4,3.3,5.4,13.1,11.3,1.5,1.7,0.5,0.4
RACHUONYO NORTH,"41,661",67.3,3.6,27.5,4.2,7.3,16.0,10.7,3.1,2.7,0.6,0.4
RACHUONYO EAST,"27,229",65.0,3.5,26.2,4.8,7.1,13.1,8.8,3.0,2.5,0.6,0.5
RACHUONYO SOUTH,"30,693",65.0,5.8,32.7,5.6,10.1,14.6,11.8,5.5,3.9,0.7,0.5
RANGWE,"26,983",63.6,2.9,22.7,3.7,6.8,14.1,11.2,2.2,2.2,0.6,0.5
SUBA NORTH,"29,662",61.2,4.1,27.8,3.9,10.1,9.8,10.3,3.1,2.1,0.5,0.5
SUBA SOUTH,"27,635",52.9,2.1,18.3,2.5,5.7,5.5,8.7,1.4,1.3,0.4,0.4
MIGORI,"238,133",59.8,4.2,28.1,3.9,9.1,11.5,13.2,3.6,2.9,0.6,0.4
AWENDO,"27,014",63.0,4.4,30.6,5.3,9.9,11.7,12.1,4.2,3.0,0.5,0.3
KURIA EAST,"17,267",56.7,2.9,20.4,3.1,6.8,12.0,14.5,0.9,2.4,0.8,0.5
KURIA WEST,"39,723",56.2,4.2,30.6,4.2,8.3,11.6,16.7,3.2,3.1,0.6,0.4
NYATIKE,"39,358",56.1,2.4,22.7,3.0,6.3,11.7,12.2,1.6,1.7,0.4,0.4
RONGO,"29,007",62.9,6.1,34.1,5.5,12.5,11.4,10.6,5.9,3.7,0.7,0.4
SUNA EAST,"27,214",63.5,6.6,32.7,3.3,14.5,12.1,13.5,6.3,3.9,0.8,0.3
SUNA WEST,"28,839",59.4,4.8,31.8,3.6,9.0,9.7,13.6,4.9,3.4,0.7,0.5
URIRI,"29,711",62.1,2.7,20.9,3.3,6.2,12.3,12.3,2.1,2.1,0.5,0.4
KISII,"307,254",58.5,5.0,30.7,5.1,8.8,3.5,7.8,3.1,3.4,0.6,0.3
ETAGO,"18,610",55.3,1.7,16.2,3.3,4.7,3.3,9.8,0.6,1.5,0.6,0.4
GUCHA,"19,621",59.0,5.0,29.3,5.2,8.0,2.4,7.9,2.1,3.3,0.7,0.3
GUCHASOUTH,"19,627",58.6,3.8,24.8,4.5,7.6,3.7,8.5,1.9,2.4,0.6,0.4
KENYENYA,"30,985",59.3,2.6,22.6,4.2,5.2,2.3,8.2,1.0,2.1,0.5,0.3
KISII CENTRAL,"44,037",55.1,9.5,43.7,6.1,16.1,3.8,7.1,6.3,5.5,0.6,0.2
KISII SOUTH,"31,574",61.0,4.9,36.1,5.5,8.4,6.4,10.0,4.0,4.1,0.7,0.3
KITUTU CENTRAL,"41,233",55.4,10.1,45.9,6.6,17.2,5.2,8.1,7.9,6.0,0.8,0.2
MARANI,"26,133",58.3,2.2,22.5,5.3,4.2,3.0,6.0,1.0,1.9,0.5,0.3
MASABA SOUTH,"29,206",62.8,2.9,24.6,4.3,5.0,3.0,6.8,1.3,2.8,0.4,0.3
NYAMACHE,"30,583",60.1,2.2,22.6,3.9,3.7,1.9,6.4,1.0,2.1,0.5,0.3
SAMETA,"15,645",61.5,3.0,27.0,5.2,5.4,2.0,6.8,1.4,2.6,0.4,0.3
NYAMIRA,"150,499",62.7,3.7,30.3,5.1,7.3,3.9,8.3,2.0,3.4,0.7,0.3
BORABU,"19,404",63.4,4.7,32.6,5.7,11.1,4.5,9.2,3.5,5.4,0.9,0.3
MANGA,"23,836",66.5,3.8,30.7,6.3,6.2,3.5,7.5,1.7,2.8,0.7,0.2
MASABA NORTH,"27,904",65.7,3.5,28.2,5.5,7.3,4.2,7.9,1.6,3.0,0.6,0.4
NYAMIRA NORTH,"40,396",58.8,2.9,27.5,4.1,5.6,4.0,8.5,1.2,2.7,0.8,0.3
NYAMIRA SOUTH,"38,959",61.7,4.3,33.2,4.9,7.9,3.6,8.2,2.4,3.6,0.7,0.3
NAIROBI CITY,"1,494,676",53.4,22.7,68.7,7.5,42.1,12.5,4.3,23.5,12.9,1.2,0.4
DAGORETTI,"154,949",47.6,17.4,66.5,7.7,37.8,12.0,5.5,16.2,8.0,0.9,0.5
EMBAKASI,"346,462",53.6,23.5,69.9,7.9,43.8,12.1,4.0,22.9,11.5,1.2,0.4
KAMUKUNJI,"83,680",41.1,13.2,60.6,6.5,39.4,7.4,3.0,21.8,6.7,0.8,0.4
KASARANI,"268,611",54.1,25.3,72.8,7.3,46.3,12.2,4.6,24.0,11.9,1.2,0.4
KIBRA,"61,651",60.3,18.0,62.6,7.2,31.0,10.4,3.3,17.3,9.4,0.8,0.4
LANG'ATA,"60,187",51.6,45.3,70.1,8.2,59.7,22.3,4.1,49.5,35.9,2.6,0.5
MAKADARA,"70,080",54.9,18.8,65.3,7.1,38.0,11.2,3.3,20.0,9.9,1.0,0.4
MATHARE,"74,967",55.2,7.0,59.1,8.0,23.8,7.1,3.6,5.9,2.6,0.6,0.4
NJIRU,"204,492",59.5,16.7,72.7,7.9,35.2,13.4,5.1,19.4,10.6,1.2,0.4
STAREHE,"66,108",48.1,29.4,63.5,6.1,49.7,11.4,3.2,32.6,16.9,1.3,0.5
WESTLANDS,"103,489",54.9,39.8,71.9,6.7,55.1,18.5,4.4,42.0,32.8,2.0,0.5
